task_name,s_time,e_time,diff_time,seconds
LOAD,2015-08-20 06:28:13.140458,2015-08-20 08:17:30.36227,01:49:17.221812,6557.221812
PERF.POWER.RF1,2015-08-20 08:17:33.060316,2015-08-20 08:19:25.875388,00:01:52.815072,112.815072
PERF.POWER.Q14,2015-08-20 08:19:25.99718,2015-08-20 08:20:33.149204,00:01:07.152024,67.152024
PERF.POWER.Q2,2015-08-20 08:20:33.1616,2015-08-20 08:22:44.293244,00:02:11.131644,131.131644
PERF.POWER.Q9,2015-08-20 08:22:44.305942,2015-08-20 08:45:06.08692,00:22:21.780978,1341.780978
PERF.POWER.Q20,2015-08-20 08:45:06.100264,2015-08-20 08:52:13.735197,00:07:07.634933,427.634933
PERF.POWER.Q6,2015-08-20 08:52:13.748912,2015-08-20 08:54:46.757036,00:02:33.008124,153.008124
PERF.POWER.Q17,2015-08-20 08:54:46.769753,2015-08-20 08:54:48.086197,00:00:01.316444,1.316444
PERF.POWER.Q18,2015-08-20 08:54:48.098831,2015-08-20 09:05:42.320653,00:10:54.221822,654.221822
PERF.POWER.Q8,2015-08-20 09:05:42.335904,2015-08-20 09:08:25.300072,00:02:42.964168,162.964168
PERF.POWER.Q21,2015-08-20 09:08:25.313845,2015-08-20 09:18:50.43806,00:10:25.124215,625.124215
PERF.POWER.Q13,2015-08-20 09:18:50.451424,2015-08-20 09:24:59.975142,00:06:09.523718,369.523718
PERF.POWER.Q3,2015-08-20 09:24:59.987512,2015-08-20 09:29:01.259791,00:04:01.272279,241.272279
PERF.POWER.Q22,2015-08-20 09:29:01.272045,2015-08-20 09:30:15.853181,00:01:14.581136,74.581136
PERF.POWER.Q16,2015-08-20 09:30:15.866056,2015-08-20 09:32:06.500781,00:01:50.634725,110.634725
PERF.POWER.Q4,2015-08-20 09:32:06.514016,2015-08-20 09:33:12.406476,00:01:05.89246,65.89246
PERF.POWER.Q11,2015-08-20 09:33:12.419807,2015-08-20 09:33:38.309066,00:00:25.889259,25.889259
PERF.POWER.Q15,2015-08-20 09:33:38.321667,2015-08-20 09:36:07.69835,00:02:29.376683,149.376683
PERF.POWER.Q1,2015-08-20 09:36:07.710936,2015-08-20 09:47:07.089853,00:10:59.378917,659.378917
PERF.POWER.Q10,2015-08-20 09:47:07.102066,2015-08-20 09:49:49.688607,00:02:42.586541,162.586541
PERF.POWER.Q19,2015-08-20 09:49:49.701507,2015-08-20 09:49:54.940187,00:00:05.23868,5.23868
PERF.POWER.Q5,2015-08-20 09:49:54.952065,2015-08-20 09:52:47.592723,00:02:52.640658,172.640658
PERF.POWER.Q7,2015-08-20 09:52:47.606117,2015-08-20 09:57:48.447767,00:05:00.84165,300.84165
PERF.POWER.Q12,2015-08-20 09:57:48.461184,2015-08-20 09:59:41.192432,00:01:52.731248,112.731248
PERF.POWER.RF2,2015-08-20 09:59:41.200216,2015-08-20 10:03:33.264169,00:03:52.063953,232.063953
PERF.POWER,2015-08-20 08:17:33.042623,2015-08-20 10:03:33.271735,01:46:00.229112,6360.229112
PERF.THRUPUT.RFST5.RF2,2015-08-20 11:34:15.974905,2015-08-20 11:42:07.712415,00:07:51.73751,471.73751
PERF.THRUPUT.QS9.Q21,2015-08-20 11:14:14.558831,2015-08-20 11:48:26.531177,00:34:11.972346,2051.972346
PERF.THRUPUT.RFST6,2015-08-20 11:42:07.740184,2015-08-20 12:02:51.223893,00:20:43.483709,1243.483709
PERF.THRUPUT.QS8.Q19,2015-08-20 10:03:36.815404,2015-08-20 10:03:47.484829,00:00:10.669425,10.669425
PERF.THRUPUT.QS5.Q18,2015-08-20 11:04:08.228644,2015-08-20 11:24:53.815972,00:20:45.587328,1245.587328
PERF.THRUPUT.QS22.Q16,2015-08-20 10:03:36.824249,2015-08-20 10:06:14.637996,00:02:37.813747,157.813747
PERF.THRUPUT.QS20.Q16,2015-08-20 10:03:36.826462,2015-08-20 10:06:17.41801,00:02:40.591548,160.591548
PERF.THRUPUT.QS15.Q16,2015-08-20 10:03:36.804353,2015-08-20 10:06:17.837841,00:02:41.033488,161.033488
PERF.THRUPUT.QS13.Q9,2015-08-20 11:24:15.233719,2015-08-20 12:16:36.322,00:52:21.088281,3141.088281
PERF.THRUPUT.QS14.Q2,2015-08-20 10:03:36.80259,2015-08-20 10:09:13.992767,00:05:37.190177,337.190177
PERF.THRUPUT.RFST1.RF1,2015-08-20 10:03:36.373554,2015-08-20 10:10:36.97849,00:07:00.604936,420.604936
PERF.THRUPUT.QS19.Q4,2015-08-20 10:03:36.838155,2015-08-20 10:11:06.68386,00:07:29.845705,449.845705
PERF.THRUPUT.QS24.Q7,2015-08-20 10:03:36.833585,2015-08-20 10:11:06.815553,00:07:29.981968,449.981968
PERF.THRUPUT.QS2.Q6,2015-08-20 10:03:36.798522,2015-08-20 10:11:06.820526,00:07:30.022004,450.022004
PERF.THRUPUT.QS1.Q2,2015-08-20 12:29:29.656677,2015-08-20 12:34:25.495439,00:04:55.838762,295.838762
PERF.THRUPUT.QS4.Q5,2015-08-20 10:03:36.803314,2015-08-20 10:11:06.830501,00:07:30.027187,450.027187
PERF.THRUPUT.QS16.Q8,2015-08-20 12:28:39.957151,2015-08-20 12:35:38.386245,00:06:58.429094,418.429094
PERF.THRUPUT.QS10.Q6,2015-08-20 10:03:36.814728,2015-08-20 10:11:06.919688,00:07:30.10496,450.10496
PERF.THRUPUT.QS14.Q15,2015-08-20 12:28:45.051153,2015-08-20 12:35:56.453157,00:07:11.402004,431.402004
PERF.THRUPUT.QS17.Q3,2015-08-20 10:03:36.822394,2015-08-20 10:11:09.152423,00:07:32.330029,452.330029
PERF.THRUPUT.QS22.Q14,2015-08-20 10:06:14.728084,2015-08-20 10:11:17.656849,00:05:02.928765,302.928765
PERF.THRUPUT.QS2.Q17,2015-08-20 10:11:06.840022,2015-08-20 10:11:27.385513,00:00:20.545491,20.545491
PERF.THRUPUT.QS18.Q14,2015-08-20 10:03:36.821604,2015-08-20 10:11:28.024524,00:07:51.20292,471.20292
PERF.THRUPUT.QS3.Q8,2015-08-20 10:03:36.801424,2015-08-20 10:11:51.686133,00:08:14.884709,494.884709
PERF.THRUPUT.QS9.Q8,2015-08-20 10:03:36.815694,2015-08-20 10:11:51.699578,00:08:14.883884,494.883884
PERF.THRUPUT.QS20.Q1,2015-08-20 11:08:12.888992,2015-08-20 11:26:57.736447,00:18:44.847455,1124.847455
PERF.THRUPUT.QS6.Q10,2015-08-20 10:03:36.81662,2015-08-20 10:12:53.326335,00:09:16.509715,556.509715
PERF.THRUPUT.QS17.Q16,2015-08-20 10:11:09.172101,2015-08-20 10:15:04.478083,00:03:55.305982,235.305982
PERF.THRUPUT.QS22.Q1,2015-08-20 11:09:13.316523,2015-08-20 11:28:58.455781,00:19:45.139258,1185.139258
PERF.THRUPUT.QS11.Q15,2015-08-20 10:03:36.824759,2015-08-20 10:15:23.111044,00:11:46.286285,706.286285
PERF.THRUPUT.QS21.Q17,2015-08-20 11:28:54.176427,2015-08-20 11:29:06.620193,00:00:12.443766,12.443766
PERF.THRUPUT.QS20.Q15,2015-08-20 10:06:17.437528,2015-08-20 10:15:23.447259,00:09:06.009731,546.009731
PERF.THRUPUT.QS15.Q22,2015-08-20 12:33:27.889967,2015-08-20 12:36:08.957993,00:02:41.068026,161.068026
PERF.THRUPUT.QS2.Q14,2015-08-20 10:11:27.4046,2015-08-20 10:15:26.543561,00:03:59.138961,239.138961
PERF.THRUPUT.QS23.Q12,2015-08-20 11:24:20.062552,2015-08-20 11:29:12.706858,00:04:52.644306,292.644306
PERF.THRUPUT.QS18.Q4,2015-08-20 10:11:28.038108,2015-08-20 10:15:26.774513,00:03:58.736405,238.736405
PERF.THRUPUT.QS19.Q12,2015-08-20 10:11:06.702595,2015-08-20 10:15:59.395266,00:04:52.692671,292.692671
PERF.THRUPUT.QS5.Q22,2015-08-20 11:26:55.499373,2015-08-20 11:29:27.859652,00:02:32.360279,152.360279
PERF.THRUPUT.QS12.Q1,2015-08-20 10:03:36.810363,2015-08-20 10:17:16.207936,00:13:39.397573,819.397573
PERF.THRUPUT.QS8.Q13,2015-08-20 12:25:15.65145,2015-08-20 12:36:56.982937,00:11:41.331487,701.331487
PERF.THRUPUT.RFST1.RF2,2015-08-20 10:10:37.004748,2015-08-20 10:17:35.634565,00:06:58.629817,418.629817
PERF.THRUPUT.RFST1,2015-08-20 10:03:36.367268,2015-08-20 10:17:35.647226,00:13:59.279958,839.279958
PERF.THRUPUT.QS20.ALL,2015-08-20 10:03:36.813778,2015-08-20 13:59:13.132796,03:55:36.319018,14136.319018
PERF.THRUPUT.QS2.Q15,2015-08-20 11:27:27.076486,2015-08-20 11:33:27.628873,00:06:00.552387,360.552387
PERF.THRUPUT.QS14.Q9,2015-08-20 10:09:14.018189,2015-08-20 11:07:39.641431,00:58:25.623242,3505.623242
PERF.THRUPUT.QS23.Q1,2015-08-20 12:19:13.768278,2015-08-20 12:38:23.380768,00:19:09.61249,1149.61249
PERF.THRUPUT.RFST8.RF2,2015-08-20 12:29:13.976093,2015-08-20 12:38:27.051612,00:09:13.075519,553.075519
PERF.THRUPUT.QS15.Q14,2015-08-20 11:10:29.908622,2015-08-20 11:12:50.878668,00:02:20.970046,140.970046
PERF.THRUPUT.QS14.Q5,2015-08-20 11:07:39.6801,2015-08-20 11:14:34.789125,00:06:55.109025,415.109025
PERF.THRUPUT.QS19.Q6,2015-08-20 12:33:19.969792,2015-08-20 12:38:58.529097,00:05:38.559305,338.559305
PERF.THRUPUT.QS15.Q11,2015-08-20 11:12:50.907774,2015-08-20 11:14:42.188382,00:01:51.280608,111.280608
PERF.THRUPUT.QS18.Q6,2015-08-20 11:09:30.640933,2015-08-20 11:14:48.646041,00:05:18.005108,318.005108
PERF.THRUPUT.QS14.Q17,2015-08-20 12:39:34.373761,2015-08-20 12:39:43.915514,00:00:09.541753,9.541753
PERF.THRUPUT.QS11.Q20,2015-08-20 10:46:57.065614,2015-08-20 11:15:34.361469,00:28:37.295855,1717.295855
PERF.THRUPUT.QS22.ALL,2015-08-20 10:03:36.810369,2015-08-20 14:00:56.915938,03:57:20.105569,14240.105569
PERF.THRUPUT.QS16.Q20,2015-08-20 10:47:34.269261,2015-08-20 11:15:34.606549,00:28:00.337288,1680.337288
PERF.THRUPUT.QS22.Q15,2015-08-20 12:33:55.962904,2015-08-20 12:40:22.953632,00:06:26.990728,386.990728
PERF.THRUPUT.QS3.Q18,2015-08-20 10:56:06.478361,2015-08-20 11:16:08.76085,00:20:02.282489,1202.282489
PERF.THRUPUT.QS13.Q10,2015-08-20 11:09:57.611205,2015-08-20 11:16:36.958178,00:06:39.346973,399.346973
PERF.THRUPUT.QS2.Q18,2015-08-20 12:16:15.358564,2015-08-20 12:40:40.386534,00:24:25.02797,1465.02797
PERF.THRUPUT.QS10.Q2,2015-08-20 11:10:46.698372,2015-08-20 11:17:11.329361,00:06:24.630989,384.630989
PERF.THRUPUT.QS23.Q2,2015-08-20 11:29:12.73707,2015-08-20 11:35:50.636123,00:06:37.899053,397.899053
PERF.THRUPUT.QS11.Q1,2015-08-20 11:23:18.332139,2015-08-20 11:41:32.911541,00:18:14.579402,1094.579402
PERF.THRUPUT.QS16.Q19,2015-08-20 12:40:58.25097,2015-08-20 12:41:21.360706,00:00:23.109736,23.109736
PERF.THRUPUT.QS17.Q7,2015-08-20 12:31:49.377137,2015-08-20 12:42:30.839273,00:10:41.462136,641.462136
PERF.THRUPUT.QS1.Q14,2015-08-20 12:40:36.241469,2015-08-20 12:42:56.498818,00:02:20.257349,140.257349
PERF.THRUPUT.QS8.Q21,2015-08-20 12:42:55.023471,2015-08-20 13:15:54.227308,00:32:59.203837,1979.203837
PERF.THRUPUT.QS8.ALL,2015-08-20 10:03:36.800085,2015-08-20 13:40:56.318195,03:37:19.51811,13039.51811
PERF.THRUPUT.QS12.ALL,2015-08-20 10:03:36.795861,2015-08-20 13:54:56.303707,03:51:19.507846,13879.507846
PERF.THRUPUT.QS24.ALL,2015-08-20 10:03:36.816868,2015-08-20 13:55:59.968851,03:52:23.151983,13943.151983
PERF.THRUPUT.QS16.ALL,2015-08-20 10:03:36.812087,2015-08-20 13:56:29.058197,03:52:52.24611,13972.24611
PERF.THRUPUT.QS2.ALL,2015-08-20 10:03:36.783993,2015-08-20 14:02:43.680373,03:59:06.89638,14346.89638
PERF.THRUPUT.QS17.ALL,2015-08-20 10:03:36.80803,2015-08-20 14:02:53.818492,03:59:17.010462,14357.010462
PERF.THRUPUT.QS7.ALL,2015-08-20 10:03:36.791802,2015-08-20 14:03:29.526687,03:59:52.734885,14392.734885
PERF.THRUPUT.QS14.ALL,2015-08-20 10:03:36.788569,2015-08-20 14:04:29.615065,04:00:52.826496,14452.826496
PERF.THRUPUT.QS18.ALL,2015-08-20 10:03:36.80759,2015-08-20 14:05:52.274107,04:02:15.466517,14535.466517
PERF.THRUPUT.QS9.ALL,2015-08-20 10:03:36.802499,2015-08-20 14:06:03.799434,04:02:26.996935,14546.996935
PERF.THRUPUT.QS11.ALL,2015-08-20 10:03:36.80915,2015-08-20 14:08:12.9215,04:04:36.11235,14676.11235
PERF.THRUPUT.QS21.ALL,2015-08-20 10:03:36.807876,2015-08-20 14:08:46.77714,04:05:09.969264,14709.969264
PERF.THRUPUT,2015-08-20 10:03:36.340901,2015-08-20 15:10:51.334989,05:07:14.994088,18434.994088
PERF.THRUPUT.QS8.Q1,2015-08-20 10:03:47.52381,2015-08-20 10:17:46.394705,00:13:58.870895,838.870895
PERF.THRUPUT.QS16.Q1,2015-08-20 10:03:36.826986,2015-08-20 10:17:46.405965,00:14:09.578979,849.578979
PERF.THRUPUT.QS19.Q22,2015-08-20 10:15:59.414158,2015-08-20 10:18:05.169037,00:02:05.754879,125.754879
PERF.THRUPUT.QS2.Q16,2015-08-20 10:15:26.566422,2015-08-20 10:19:40.004577,00:04:13.438155,253.438155
PERF.THRUPUT.QS10.Q15,2015-08-20 10:11:06.937815,2015-08-20 10:19:40.267049,00:08:33.329234,513.329234
PERF.THRUPUT.QS20.Q14,2015-08-20 10:15:23.464488,2015-08-20 10:19:48.848157,00:04:25.383669,265.383669
PERF.THRUPUT.QS11.Q14,2015-08-20 10:15:23.13143,2015-08-20 10:19:51.020546,00:04:27.889116,267.889116
PERF.THRUPUT.QS19.Q14,2015-08-20 10:18:05.194689,2015-08-20 10:20:00.248484,00:01:55.053795,115.053795
PERF.THRUPUT.QS2.Q19,2015-08-20 10:19:40.035177,2015-08-20 10:20:28.548864,00:00:48.513687,48.513687
PERF.THRUPUT.QS6.Q3,2015-08-20 10:12:53.34483,2015-08-20 10:20:31.462757,00:07:38.117927,458.117927
PERF.THRUPUT.QS3.Q5,2015-08-20 10:11:51.704343,2015-08-20 10:21:15.848915,00:09:24.144572,564.144572
PERF.THRUPUT.QS24.Q3,2015-08-20 10:11:06.830823,2015-08-20 10:21:26.274504,00:10:19.443681,619.443681
PERF.THRUPUT.QS7.Q18,2015-08-20 10:03:36.808466,2015-08-20 10:22:01.533436,00:18:24.72497,1104.72497
PERF.THRUPUT.QS23.Q18,2015-08-20 10:03:36.836201,2015-08-20 10:22:01.689053,00:18:24.852852,1104.852852
PERF.THRUPUT.QS22.Q13,2015-08-20 10:11:18.206623,2015-08-20 10:22:19.40221,00:11:01.195587,661.195587
PERF.THRUPUT.QS17.Q5,2015-08-20 10:15:04.50837,2015-08-20 10:22:31.698684,00:07:27.190314,447.190314
PERF.THRUPUT.QS9.Q13,2015-08-20 10:11:51.714521,2015-08-20 10:22:43.344832,00:10:51.630311,651.630311
PERF.THRUPUT.QS16.Q3,2015-08-20 10:17:46.435073,2015-08-20 10:23:35.007507,00:05:48.572434,348.572434
PERF.THRUPUT.QS3.Q4,2015-08-20 10:21:15.872891,2015-08-20 10:24:08.882452,00:02:53.009561,173.009561
PERF.THRUPUT.QS8.Q15,2015-08-20 10:17:46.434079,2015-08-20 10:24:10.397924,00:06:23.963845,383.963845
PERF.THRUPUT.QS8.Q17,2015-08-20 10:24:10.413058,2015-08-20 10:24:32.872525,00:00:22.459467,22.459467
PERF.THRUPUT.QS17.Q11,2015-08-20 10:22:31.725435,2015-08-20 10:25:04.282896,00:02:32.557461,152.557461
PERF.THRUPUT.QS19.Q5,2015-08-20 10:20:00.27636,2015-08-20 10:25:11.419123,00:05:11.142763,311.142763
PERF.THRUPUT.QS18.Q13,2015-08-20 10:15:26.789123,2015-08-20 10:25:43.98308,00:10:17.193957,617.193957
PERF.THRUPUT.QS12.Q7,2015-08-20 10:17:16.224275,2015-08-20 10:25:44.612586,00:08:28.388311,508.388311
PERF.THRUPUT.QS6.Q15,2015-08-20 10:20:31.489146,2015-08-20 10:26:45.343763,00:06:13.854617,373.854617
PERF.THRUPUT.QS24.Q10,2015-08-20 10:21:26.294575,2015-08-20 10:26:47.73202,00:05:21.437445,321.437445
PERF.THRUPUT.QS2.Q10,2015-08-20 10:20:28.578423,2015-08-20 10:27:11.051101,00:06:42.472678,402.472678
PERF.THRUPUT.QS22.Q2,2015-08-20 10:22:19.426877,2015-08-20 10:27:14.988355,00:04:55.561478,295.561478
PERF.THRUPUT.QS16.Q9,2015-08-20 11:18:29.222344,2015-08-20 12:12:32.851287,00:54:03.628943,3243.628943
PERF.THRUPUT.QS9.Q2,2015-08-20 10:22:43.371531,2015-08-20 10:27:15.193276,00:04:31.821745,271.821745
PERF.THRUPUT.QS11.Q3,2015-08-20 12:04:43.255791,2015-08-20 12:12:46.038799,00:08:02.783008,482.783008
PERF.THRUPUT.QS23.Q15,2015-08-20 10:22:01.802867,2015-08-20 10:27:20.676724,00:05:18.873857,318.873857
PERF.THRUPUT.QS16.Q6,2015-08-20 10:23:35.038207,2015-08-20 10:27:50.131408,00:04:15.093201,255.093201
PERF.THRUPUT.QS3.Q6,2015-08-20 10:24:08.908848,2015-08-20 10:28:35.050705,00:04:26.141857,266.141857
PERF.THRUPUT.QS24.Q14,2015-08-20 10:26:47.796482,2015-08-20 10:28:42.944016,00:01:55.147534,115.147534
PERF.THRUPUT.QS3.Q17,2015-08-20 10:28:35.07511,2015-08-20 10:28:51.823114,00:00:16.748004,16.748004
PERF.THRUPUT.QS7.Q8,2015-08-20 10:22:01.618223,2015-08-20 10:28:55.475106,00:06:53.856883,413.856883
PERF.THRUPUT.QS12.Q16,2015-08-20 10:25:44.944267,2015-08-20 10:29:40.997738,00:03:56.053471,236.053471
PERF.THRUPUT.QS12.Q17,2015-08-20 10:29:41.090745,2015-08-20 10:29:57.978984,00:00:16.888239,16.888239
PERF.THRUPUT.QS19.Q15,2015-08-20 10:25:11.448804,2015-08-20 10:30:19.915218,00:05:08.466414,308.466414
PERF.THRUPUT.QS8.Q5,2015-08-20 10:24:32.898686,2015-08-20 10:30:21.954091,00:05:49.055405,349.055405
PERF.THRUPUT.QS18.Q5,2015-08-20 10:25:44.128477,2015-08-20 10:31:09.592427,00:05:25.46395,325.46395
PERF.THRUPUT.QS19.Q21,2015-08-20 11:45:20.659966,2015-08-20 12:14:07.940159,00:28:47.280193,1727.280193
PERF.THRUPUT.QS20.Q13,2015-08-20 10:19:48.951005,2015-08-20 10:31:25.539454,00:11:36.588449,696.588449
PERF.THRUPUT.RFST2.RF1,2015-08-20 10:17:35.670117,2015-08-20 10:33:17.56899,00:15:41.898873,941.898873
PERF.THRUPUT.QS11.Q8,2015-08-20 11:41:32.929739,2015-08-20 11:46:58.645912,00:05:25.716173,325.716173
PERF.THRUPUT.QS13.Q21,2015-08-20 10:03:36.820405,2015-08-20 10:33:28.770009,00:29:51.949604,1791.949604
PERF.THRUPUT.QS1.Q21,2015-08-20 10:03:36.806794,2015-08-20 10:33:28.797443,00:29:51.990649,1791.990649
PERF.THRUPUT.QS5.Q21,2015-08-20 10:03:36.798388,2015-08-20 10:33:28.843406,00:29:52.045018,1792.045018
PERF.THRUPUT.QS13.Q17,2015-08-20 10:33:28.794094,2015-08-20 10:33:44.349462,00:00:15.555368,15.555368
PERF.THRUPUT.QS18.Q20,2015-08-20 11:27:27.37617,2015-08-20 11:56:12.136637,00:28:44.760467,1724.760467
PERF.THRUPUT.QS16.Q5,2015-08-20 10:27:50.258764,2015-08-20 10:33:46.027825,00:05:55.769061,355.769061
PERF.THRUPUT.QS20.Q4,2015-08-20 10:31:25.55779,2015-08-20 10:34:00.820259,00:02:35.262469,155.262469
PERF.THRUPUT.QS19.Q16,2015-08-20 10:30:19.997274,2015-08-20 10:34:04.701615,00:03:44.704341,224.704341
PERF.THRUPUT.QS20.Q22,2015-08-20 10:34:00.844269,2015-08-20 10:36:58.752836,00:02:57.908567,177.908567
PERF.THRUPUT.QS21.Q1,2015-08-20 11:54:10.990847,2015-08-20 12:14:31.760807,00:20:20.76996,1220.76996
PERF.THRUPUT.QS8.Q8,2015-08-20 10:30:22.006124,2015-08-20 10:37:26.140643,00:07:04.134519,424.134519
PERF.THRUPUT.QS6.Q13,2015-08-20 10:26:45.488123,2015-08-20 10:38:25.30142,00:11:39.813297,699.813297
PERF.THRUPUT.QS19.Q2,2015-08-20 10:34:04.723674,2015-08-20 10:39:02.014913,00:04:57.291239,297.291239
PERF.THRUPUT.QS24.Q20,2015-08-20 11:35:25.332127,2015-08-20 12:03:01.288207,00:27:35.95608,1655.95608
PERF.THRUPUT.QS16.Q2,2015-08-20 10:33:46.047401,2015-08-20 10:39:02.102703,00:05:16.055302,316.055302
PERF.THRUPUT.QS3.Q7,2015-08-20 10:28:51.858139,2015-08-20 10:39:06.328401,00:10:14.470262,614.470262
PERF.THRUPUT.QS21.Q16,2015-08-20 12:14:31.785751,2015-08-20 12:18:05.506457,00:03:33.720706,213.720706
PERF.THRUPUT.QS10.Q18,2015-08-20 10:19:40.293522,2015-08-20 10:39:30.094562,00:19:49.80104,1189.80104
PERF.THRUPUT.QS11.Q18,2015-08-20 10:19:51.07611,2015-08-20 10:39:30.145575,00:19:39.069465,1179.069465
PERF.THRUPUT.QS10.Q17,2015-08-20 10:39:30.112355,2015-08-20 10:39:46.476581,00:00:16.364226,16.364226
PERF.THRUPUT.QS5.Q5,2015-08-20 12:12:17.119909,2015-08-20 12:19:47.020035,00:07:29.900126,449.900126
PERF.THRUPUT.QS11.Q17,2015-08-20 10:39:30.162316,2015-08-20 10:39:46.50716,00:00:16.344844,16.344844
PERF.THRUPUT.QS22.Q8,2015-08-20 12:14:04.985713,2015-08-20 12:20:22.573486,00:06:17.587773,377.587773
PERF.THRUPUT.QS24.Q13,2015-08-20 10:28:42.98126,2015-08-20 10:39:56.942575,00:11:13.961315,673.961315
PERF.THRUPUT.QS5.Q15,2015-08-20 10:33:28.866604,2015-08-20 10:40:10.398559,00:06:41.531955,401.531955
PERF.THRUPUT.QS4.Q21,2015-08-20 10:11:06.847921,2015-08-20 10:40:24.136777,00:29:17.288856,1757.288856
PERF.THRUPUT.QS1.Q3,2015-08-20 10:33:28.819385,2015-08-20 10:41:19.319747,00:07:50.500362,470.500362
PERF.THRUPUT.QS23.Q9,2015-08-20 10:27:20.778913,2015-08-20 11:21:59.88698,00:54:39.108067,3279.108067
PERF.THRUPUT.QS5.Q14,2015-08-20 11:24:53.835806,2015-08-20 11:26:55.472643,00:02:01.636837,121.636837
PERF.THRUPUT.QS24.Q18,2015-08-20 11:09:41.50381,2015-08-20 11:30:20.595849,00:20:39.092039,1239.092039
PERF.THRUPUT.QS22.Q22,2015-08-20 11:28:58.478588,2015-08-20 11:31:17.520093,00:02:19.041505,139.041505
PERF.THRUPUT.QS20.Q12,2015-08-20 11:26:57.761333,2015-08-20 11:31:28.99729,00:04:31.235957,271.235957
PERF.THRUPUT.QS20.Q17,2015-08-20 11:31:29.030132,2015-08-20 11:31:38.82065,00:00:09.790518,9.790518
PERF.THRUPUT.QS21.Q4,2015-08-20 11:29:06.644509,2015-08-20 11:32:30.668898,00:03:24.024389,204.024389
PERF.THRUPUT.QS8.Q9,2015-08-20 10:37:26.160593,2015-08-20 11:32:32.584553,00:55:06.42396,3306.42396
PERF.THRUPUT.QS7.Q21,2015-08-20 11:01:58.936304,2015-08-20 11:33:02.708435,00:31:03.772131,1863.772131
PERF.THRUPUT.RFST8,2015-08-20 12:20:07.640348,2015-08-20 12:38:27.068448,00:18:19.4281,1099.4281
PERF.THRUPUT.QS21.Q6,2015-08-20 13:59:11.523535,2015-08-20 14:02:26.239219,00:03:14.715684,194.715684
PERF.THRUPUT.QS14.Q16,2015-08-20 12:35:56.479781,2015-08-20 12:39:34.340123,00:03:37.860342,217.860342
PERF.THRUPUT.QS20.Q5,2015-08-20 11:31:38.838666,2015-08-20 11:37:49.937528,00:06:11.098862,371.098862
PERF.THRUPUT.QS8.Q12,2015-08-20 11:32:32.610601,2015-08-20 11:37:57.343513,00:05:24.732912,324.732912
PERF.THRUPUT.QS1.Q8,2015-08-20 12:34:25.515144,2015-08-20 12:40:36.196817,00:06:10.681673,370.681673
PERF.THRUPUT.QS8.Q14,2015-08-20 11:37:57.365904,2015-08-20 11:40:16.822038,00:02:19.456134,139.456134
PERF.THRUPUT.QS2.Q8,2015-08-20 11:33:27.714826,2015-08-20 11:40:37.716423,00:07:10.001597,430.001597
PERF.THRUPUT.QS5.Q13,2015-08-20 11:31:29.868569,2015-08-20 11:41:28.458374,00:09:58.589805,598.589805
PERF.THRUPUT.QS2.Q5,2015-08-20 11:40:37.738013,2015-08-20 11:47:08.772449,00:06:31.034436,391.034436
PERF.THRUPUT.QS5.Q3,2015-08-20 11:41:28.480229,2015-08-20 11:48:21.755664,00:06:53.275435,413.275435
PERF.THRUPUT.QS8.Q7,2015-08-20 11:40:16.847721,2015-08-20 11:50:55.026187,00:10:38.178466,638.178466
PERF.THRUPUT.QS22.Q18,2015-08-20 11:31:17.550201,2015-08-20 11:52:26.052707,00:21:08.502506,1268.502506
PERF.THRUPUT.QS16.Q12,2015-08-20 12:35:38.407895,2015-08-20 12:40:58.133398,00:05:19.725503,319.725503
PERF.THRUPUT.QS8.Q2,2015-08-20 12:36:57.002313,2015-08-20 12:42:54.999633,00:05:57.99732,357.99732
PERF.THRUPUT.QS1.Q19,2015-08-20 12:42:56.542487,2015-08-20 12:43:12.817142,00:00:16.274655,16.274655
PERF.THRUPUT.QS23.Q6,2015-08-20 12:38:23.402824,2015-08-20 12:43:52.524694,00:05:29.12187,329.12187
PERF.THRUPUT.QS17.Q8,2015-08-20 12:42:30.876922,2015-08-20 12:48:01.685638,00:05:30.808716,330.808716
PERF.THRUPUT.QS1.Q9,2015-08-20 12:43:12.865717,2015-08-20 13:36:59.621398,00:53:46.755681,3226.755681
PERF.THRUPUT.QS5.Q9,2015-08-20 13:07:46.625009,2015-08-20 13:58:39.480921,00:50:52.855912,3052.855912
PERF.THRUPUT.QS7.Q12,2015-08-20 14:01:00.816994,2015-08-20 14:03:29.517582,00:02:28.700588,148.700588
PERF.THRUPUT.RFST14.RF1,2015-08-20 14:06:31.080687,2015-08-20 14:08:40.585971,00:02:09.505284,129.505284
PERF.THRUPUT.QS21.Q2,2015-08-20 14:06:06.849856,2015-08-20 14:08:46.768561,00:02:39.918705,159.918705
PERF.THRUPUT.RFST15.RF1,2015-08-20 14:12:38.357701,2015-08-20 14:14:30.487707,00:01:52.130006,112.130006
PERF.THRUPUT.RFST16.RF1,2015-08-20 14:18:31.929251,2015-08-20 14:20:23.477931,00:01:51.54868,111.54868
PERF.THRUPUT.RFST17.RF1,2015-08-20 14:24:19.283889,2015-08-20 14:26:09.851827,00:01:50.567938,110.567938
PERF.THRUPUT.RFST18.RF1,2015-08-20 14:30:09.983806,2015-08-20 14:31:59.899638,00:01:49.915832,109.915832
PERF.THRUPUT.RFST19.RF1,2015-08-20 14:35:58.788157,2015-08-20 14:37:50.043783,00:01:51.255626,111.255626
PERF.THRUPUT.RFST20.RF1,2015-08-20 14:41:44.993676,2015-08-20 14:43:36.414239,00:01:51.420563,111.420563
PERF.THRUPUT.RFST21.RF1,2015-08-20 14:47:33.806145,2015-08-20 14:49:25.100927,00:01:51.294782,111.294782
PERF.THRUPUT.RFST22.RF1,2015-08-20 14:53:23.110176,2015-08-20 14:55:15.426804,00:01:52.316628,112.316628
PERF.THRUPUT.RFST2.RF2,2015-08-20 10:33:17.589176,2015-08-20 10:41:22.632769,00:08:05.043593,485.043593
PERF.THRUPUT.RFST2,2015-08-20 10:17:35.661514,2015-08-20 10:41:22.647631,00:23:46.986117,1426.986117
PERF.THRUPUT.QS16.Q16,2015-08-20 10:39:02.120971,2015-08-20 10:42:43.609841,00:03:41.48887,221.48887
PERF.THRUPUT.QS4.Q14,2015-08-20 10:40:24.230728,2015-08-20 10:42:45.607157,00:02:21.376429,141.376429
PERF.THRUPUT.QS4.Q19,2015-08-20 10:42:45.638753,2015-08-20 10:43:05.183738,00:00:19.544985,19.544985
PERF.THRUPUT.QS5.Q4,2015-08-20 10:40:10.4249,2015-08-20 10:43:23.224526,00:03:12.799626,192.799626
PERF.THRUPUT.QS6.Q6,2015-08-20 10:38:25.321989,2015-08-20 10:43:23.720939,00:04:58.39895,298.39895
PERF.THRUPUT.QS13.Q7,2015-08-20 10:33:44.371978,2015-08-20 10:44:51.919961,00:11:07.547983,667.547983
PERF.THRUPUT.QS16.Q14,2015-08-20 10:42:43.639156,2015-08-20 10:44:59.136231,00:02:15.497075,135.497075
PERF.THRUPUT.QS10.Q12,2015-08-20 10:39:46.50217,2015-08-20 10:45:02.304243,00:05:15.802073,315.802073
PERF.THRUPUT.QS21.Q20,2015-08-20 10:03:36.823113,2015-08-20 10:45:19.790025,00:41:42.966912,2502.966912
PERF.THRUPUT.QS19.Q8,2015-08-20 10:39:02.032845,2015-08-20 10:45:22.726372,00:06:20.693527,380.693527
PERF.THRUPUT.QS11.Q10,2015-08-20 10:39:46.523051,2015-08-20 10:46:56.974759,00:07:10.451708,430.451708
PERF.THRUPUT.QS13.Q4,2015-08-20 12:33:59.072577,2015-08-20 12:37:49.608691,00:03:50.536114,230.536114
PERF.THRUPUT.QS16.Q22,2015-08-20 10:44:59.161499,2015-08-20 10:47:24.686147,00:02:25.524648,145.524648
PERF.THRUPUT.QS16.Q17,2015-08-20 10:47:24.719571,2015-08-20 10:47:34.244712,00:00:09.525141,9.525141
PERF.THRUPUT.QS3.ALL,2015-08-20 10:03:36.785615,2015-08-20 13:59:53.643279,03:56:16.857664,14176.857664
PERF.THRUPUT.QS21.Q14,2015-08-20 10:45:19.829124,2015-08-20 10:47:39.67691,00:02:19.847786,139.847786
PERF.THRUPUT.QS5.Q6,2015-08-20 10:43:23.260769,2015-08-20 10:48:53.461276,00:05:30.200507,330.200507
PERF.THRUPUT.QS4.Q15,2015-08-20 10:43:05.216811,2015-08-20 10:49:17.793006,00:06:12.576195,372.576195
PERF.THRUPUT.QS4.Q17,2015-08-20 10:49:17.825295,2015-08-20 10:49:32.444501,00:00:14.619206,14.619206
PERF.THRUPUT.QS6.Q8,2015-08-20 10:43:23.74018,2015-08-20 10:49:47.821044,00:06:24.080864,384.080864
PERF.THRUPUT.QS23.Q17,2015-08-20 12:43:52.553139,2015-08-20 12:43:58.020555,00:00:05.467416,5.467416
PERF.THRUPUT.QS12.Q18,2015-08-20 10:29:58.007607,2015-08-20 10:51:08.618413,00:21:10.610806,1270.610806
PERF.THRUPUT.QS13.Q3,2015-08-20 10:44:52.046342,2015-08-20 10:51:28.415348,00:06:36.369006,396.369006
PERF.THRUPUT.QS19.Q10,2015-08-20 10:45:22.874294,2015-08-20 10:52:28.4541,00:07:05.579806,425.579806
PERF.THRUPUT.QS19.Q17,2015-08-20 10:52:28.59233,2015-08-20 10:52:48.71314,00:00:20.12081,20.12081
PERF.THRUPUT.QS12.Q22,2015-08-20 10:51:08.652137,2015-08-20 10:53:24.675149,00:02:16.023012,136.023012
PERF.THRUPUT.QS4.Q12,2015-08-20 10:49:32.461101,2015-08-20 10:54:14.527148,00:04:42.066047,282.066047
PERF.THRUPUT.RFST3.RF1,2015-08-20 10:41:22.675321,2015-08-20 10:55:19.172005,00:13:56.496684,836.496684
PERF.THRUPUT.QS17.Q21,2015-08-20 10:25:04.310745,2015-08-20 10:55:38.914903,00:30:34.604158,1834.604158
PERF.THRUPUT.QS3.Q1,2015-08-20 10:39:06.349528,2015-08-20 10:56:06.454259,00:17:00.104731,1020.104731
PERF.THRUPUT.QS22.Q21,2015-08-20 10:27:15.015375,2015-08-20 10:57:09.43694,00:29:54.421565,1794.421565
PERF.THRUPUT.QS20.Q18,2015-08-20 10:36:58.782763,2015-08-20 10:58:04.419667,00:21:05.636904,1265.636904
PERF.THRUPUT.QS12.Q12,2015-08-20 10:53:24.734877,2015-08-20 10:58:26.234858,00:05:01.499981,301.499981
PERF.THRUPUT.QS20.Q19,2015-08-20 10:58:04.440621,2015-08-20 10:58:28.183344,00:00:23.742723,23.742723
PERF.THRUPUT.QS4.Q6,2015-08-20 10:54:14.5587,2015-08-20 10:59:54.535599,00:05:39.976899,339.976899
PERF.THRUPUT.QS5.Q7,2015-08-20 10:48:53.497702,2015-08-20 10:59:54.592573,00:11:01.094871,661.094871
PERF.THRUPUT.QS1.Q18,2015-08-20 10:41:19.341223,2015-08-20 11:01:32.535561,00:20:13.194338,1213.194338
PERF.THRUPUT.QS18.Q21,2015-08-20 10:31:09.758819,2015-08-20 11:01:33.813755,00:30:24.054936,1824.054936
PERF.THRUPUT.QS9.Q20,2015-08-20 10:27:15.217189,2015-08-20 11:01:58.105007,00:34:42.887818,2082.887818
PERF.THRUPUT.QS7.Q20,2015-08-20 10:28:55.566469,2015-08-20 11:01:58.915809,00:33:03.34934,1983.34934
PERF.THRUPUT.QS4.Q18,2015-08-20 12:22:58.503628,2015-08-20 12:44:08.779192,00:21:10.275564,1270.275564
PERF.THRUPUT.QS9.Q17,2015-08-20 11:01:58.123527,2015-08-20 11:02:04.100645,00:00:05.977118,5.977118
PERF.THRUPUT.QS10.Q1,2015-08-20 10:45:02.330543,2015-08-20 11:02:07.918499,00:17:05.587956,1025.587956
PERF.THRUPUT.QS4.Q4,2015-08-20 10:59:54.560813,2015-08-20 11:03:13.316674,00:03:18.755861,198.755861
PERF.THRUPUT.QS12.Q6,2015-08-20 10:58:26.257146,2015-08-20 11:03:38.579913,00:05:12.322767,312.322767
PERF.THRUPUT.QS18.Q11,2015-08-20 11:01:33.831559,2015-08-20 11:03:42.36728,00:02:08.535721,128.535721
PERF.THRUPUT.QS22.Q10,2015-08-20 10:57:09.458977,2015-08-20 11:03:50.28113,00:06:40.822153,400.822153
PERF.THRUPUT.QS5.Q16,2015-08-20 10:59:54.613085,2015-08-20 11:03:52.490989,00:03:57.877904,237.877904
PERF.THRUPUT.QS5.Q19,2015-08-20 11:03:52.511007,2015-08-20 11:04:08.212098,00:00:15.701091,15.701091
PERF.THRUPUT.QS21.Q18,2015-08-20 12:24:56.315968,2015-08-20 12:44:35.662153,00:19:39.346185,1179.346185
PERF.THRUPUT.RFST3.RF2,2015-08-20 10:55:19.187401,2015-08-20 11:04:13.630496,00:08:54.443095,534.443095
PERF.THRUPUT.RFST3,2015-08-20 10:41:22.663616,2015-08-20 11:04:13.700233,00:22:51.036617,1371.036617
PERF.THRUPUT.QS13.Q5,2015-08-20 12:37:49.637158,2015-08-20 12:45:08.019779,00:07:18.382621,438.382621
PERF.THRUPUT.QS15.Q9,2015-08-20 10:06:17.865166,2015-08-20 11:04:43.168935,00:58:25.303769,3505.303769
PERF.THRUPUT.QS15.Q17,2015-08-20 11:04:43.405768,2015-08-20 11:04:50.588188,00:00:07.18242,7.18242
PERF.THRUPUT.QS22.Q11,2015-08-20 11:03:50.303132,2015-08-20 11:05:54.833951,00:02:04.530819,124.530819
PERF.THRUPUT.QS6.Q1,2015-08-20 12:27:41.567194,2015-08-20 12:46:08.155508,00:18:26.588314,1106.588314
PERF.THRUPUT.QS1.Q5,2015-08-20 11:01:32.559117,2015-08-20 11:07:54.890351,00:06:22.331234,382.331234
PERF.THRUPUT.QS20.Q7,2015-08-20 10:58:28.201695,2015-08-20 11:08:12.839105,00:09:44.63741,584.63741
PERF.THRUPUT.QS9.Q3,2015-08-20 11:02:04.126021,2015-08-20 11:09:07.796469,00:07:03.670448,423.670448
PERF.THRUPUT.QS22.Q4,2015-08-20 11:05:55.138948,2015-08-20 11:09:13.280706,00:03:18.141758,198.141758
PERF.THRUPUT.QS18.Q8,2015-08-20 11:03:42.446716,2015-08-20 11:09:30.606787,00:05:48.160071,348.160071
PERF.THRUPUT.QS12.Q8,2015-08-20 11:03:38.621698,2015-08-20 11:09:31.427735,00:05:52.806037,352.806037
PERF.THRUPUT.QS24.Q21,2015-08-20 10:39:56.96457,2015-08-20 11:09:41.4682,00:29:44.50363,1784.50363
PERF.THRUPUT.QS17.Q19,2015-08-20 12:48:01.705273,2015-08-20 12:48:16.519736,00:00:14.814463,14.814463
PERF.THRUPUT.QS13.Q1,2015-08-20 10:51:28.476367,2015-08-20 11:09:57.565402,00:18:29.089035,1109.089035
PERF.THRUPUT.QS1.Q11,2015-08-20 11:07:54.91256,2015-08-20 11:10:11.413829,00:02:16.501269,136.501269
PERF.THRUPUT.QS15.Q8,2015-08-20 11:04:50.632944,2015-08-20 11:10:29.82657,00:05:39.193626,339.193626
PERF.THRUPUT.QS10.Q7,2015-08-20 11:02:07.935777,2015-08-20 11:10:46.677279,00:08:38.741502,518.741502
PERF.THRUPUT.RFST4.RF1,2015-08-20 11:04:13.89542,2015-08-20 11:12:06.397328,00:07:52.501908,472.501908
PERF.THRUPUT.QS9.Q6,2015-08-20 11:09:07.831182,2015-08-20 11:14:14.535577,00:05:06.704395,306.704395
PERF.THRUPUT.QS19.Q9,2015-08-20 10:52:48.739767,2015-08-20 11:45:20.511235,00:52:31.771468,3151.771468
PERF.THRUPUT.QS17.Q9,2015-08-20 10:55:38.932797,2015-08-20 11:50:14.761684,00:54:35.828887,3275.828887
PERF.THRUPUT.QS1.Q20,2015-08-20 11:24:58.71534,2015-08-20 11:56:12.10684,00:31:13.3915,1873.3915
PERF.THRUPUT.QS12.Q20,2015-08-20 12:18:11.017313,2015-08-20 12:48:40.084704,00:30:29.067391,1829.067391
PERF.THRUPUT.QS6.Q11,2015-08-20 11:55:56.814858,2015-08-20 11:57:29.154835,00:01:32.339977,92.339977
PERF.THRUPUT.QS17.Q14,2015-08-20 12:48:16.539346,2015-08-20 12:50:36.913535,00:02:20.374189,140.374189
PERF.THRUPUT.QS22.Q19,2015-08-20 11:57:34.506729,2015-08-20 11:57:49.768203,00:00:15.261474,15.261474
PERF.THRUPUT.QS14.Q1,2015-08-20 11:40:45.097347,2015-08-20 11:59:25.309701,00:18:40.212354,1120.212354
PERF.THRUPUT.QS4.Q9,2015-08-20 11:03:13.336019,2015-08-20 12:01:18.363453,00:58:05.027434,3485.027434
PERF.THRUPUT.QS12.Q9,2015-08-20 11:09:31.469409,2015-08-20 12:02:10.353823,00:52:38.884414,3158.884414
PERF.THRUPUT.QS17.Q15,2015-08-20 11:56:56.729383,2015-08-20 12:02:52.07123,00:05:55.341847,355.341847
PERF.THRUPUT.QS8.Q3,2015-08-20 11:54:55.974721,2015-08-20 12:03:03.786388,00:08:07.811667,487.811667
PERF.THRUPUT.QS22.Q5,2015-08-20 11:57:49.789615,2015-08-20 12:04:55.852159,00:07:06.062544,426.062544
PERF.THRUPUT.QS18.Q19,2015-08-20 12:16:29.167257,2015-08-20 12:17:01.893343,00:00:32.726086,32.726086
PERF.THRUPUT.QS16.Q10,2015-08-20 12:12:32.917999,2015-08-20 12:19:19.777519,00:06:46.85952,406.85952
PERF.THRUPUT.QS3.Q10,2015-08-20 12:14:35.884263,2015-08-20 12:22:10.427,00:07:34.542737,454.542737
PERF.THRUPUT.QS19.Q7,2015-08-20 12:14:07.961153,2015-08-20 12:24:03.088148,00:09:55.126995,595.126995
PERF.THRUPUT.QS9.Q4,2015-08-20 12:25:06.642991,2015-08-20 12:28:55.45291,00:03:48.809919,228.809919
PERF.THRUPUT.RFST8.RF1,2015-08-20 12:20:07.649339,2015-08-20 12:29:13.960433,00:09:06.311094,546.311094
PERF.THRUPUT.QS13.Q2,2015-08-20 12:27:33.436708,2015-08-20 12:33:59.049555,00:06:25.612847,385.612847
PERF.THRUPUT.QS14.Q7,2015-08-20 12:39:43.947445,2015-08-20 12:50:42.399409,00:10:58.451964,658.451964
PERF.THRUPUT.QS19.Q13,2015-08-20 12:38:58.555491,2015-08-20 12:50:47.406629,00:11:48.851138,708.851138
PERF.THRUPUT.QS23.Q5,2015-08-20 12:43:58.057809,2015-08-20 12:51:27.276379,00:07:29.21857,449.21857
PERF.THRUPUT.QS9.Q1,2015-08-20 12:33:10.274425,2015-08-20 12:52:33.079627,00:19:22.805202,1162.805202
PERF.THRUPUT.QS13.Q8,2015-08-20 12:47:21.884947,2015-08-20 12:52:51.151223,00:05:29.266276,329.266276
PERF.THRUPUT.QS13.Q20,2015-08-20 12:52:51.174756,2015-08-20 13:22:37.863439,00:29:46.688683,1786.688683
PERF.THRUPUT.QS1.ALL,2015-08-20 10:03:36.79142,2015-08-20 14:00:27.728066,03:56:50.936646,14210.936646
PERF.THRUPUT.QS22.Q9,2015-08-20 13:08:57.90964,2015-08-20 14:00:52.309349,00:51:54.399709,3114.399709
PERF.THRUPUT.QS22.Q17,2015-08-20 14:00:52.345398,2015-08-20 14:00:56.79219,00:00:04.446792,4.446792
PERF.THRUPUT.QS19.ALL,2015-08-20 10:03:36.823093,2015-08-20 14:01:56.32569,03:58:19.502597,14299.502597
PERF.THRUPUT.QS6.ALL,2015-08-20 10:03:36.801961,2015-08-20 14:02:28.728859,03:58:51.926898,14331.926898
PERF.THRUPUT.QS4.ALL,2015-08-20 10:03:36.788826,2015-08-20 14:02:42.584112,03:59:05.795286,14345.795286
PERF.THRUPUT.QS17.Q12,2015-08-20 14:00:15.901799,2015-08-20 14:02:53.80919,00:02:37.907391,157.907391
PERF.THRUPUT.QS11.Q6,2015-08-20 14:00:35.571403,2015-08-20 14:03:22.742079,00:02:47.170676,167.170676
PERF.THRUPUT.QS9.Q5,2015-08-20 14:00:29.924544,2015-08-20 14:04:17.418706,00:03:47.494162,227.494162
PERF.THRUPUT.QS21.Q21,2015-08-20 10:47:39.700723,2015-08-20 11:17:58.646514,00:30:18.945791,1818.945791
PERF.THRUPUT.QS3.Q22,2015-08-20 11:16:08.778863,2015-08-20 11:18:14.644414,00:02:05.865551,125.865551
PERF.THRUPUT.QS14.Q4,2015-08-20 11:14:34.805659,2015-08-20 11:18:29.197964,00:03:54.392305,234.392305
PERF.THRUPUT.QS16.Q4,2015-08-20 11:15:34.622945,2015-08-20 11:18:29.199624,00:02:54.576679,174.576679
PERF.THRUPUT.QS10.Q22,2015-08-20 11:17:11.352068,2015-08-20 11:19:28.363211,00:02:17.011143,137.011143
PERF.THRUPUT.QS1.Q7,2015-08-20 11:10:11.456683,2015-08-20 11:19:37.906628,00:09:26.449945,566.449945
PERF.THRUPUT.QS3.Q14,2015-08-20 11:18:14.784109,2015-08-20 11:20:21.931003,00:02:07.146894,127.146894
PERF.THRUPUT.RFST4.RF2,2015-08-20 11:12:06.415678,2015-08-20 11:20:57.26055,00:08:50.844872,530.844872
PERF.THRUPUT.RFST4,2015-08-20 11:04:13.850836,2015-08-20 11:20:57.273407,00:16:43.422571,1003.422571
PERF.THRUPUT.QS15.Q10,2015-08-20 11:14:42.207688,2015-08-20 11:21:01.712453,00:06:19.504765,379.504765
PERF.THRUPUT.QS11.Q16,2015-08-20 11:15:34.387458,2015-08-20 11:21:08.465688,00:05:34.07823,334.07823
PERF.THRUPUT.QS13.Q12,2015-08-20 11:16:36.978614,2015-08-20 11:21:26.240998,00:04:49.262384,289.262384
PERF.THRUPUT.QS2.Q9,2015-08-20 10:27:11.07467,2015-08-20 11:21:46.745178,00:54:35.670508,3275.670508
PERF.THRUPUT.QS18.Q3,2015-08-20 11:14:48.74937,2015-08-20 11:21:57.239721,00:07:08.490351,428.490351
PERF.THRUPUT.QS18.Q17,2015-08-20 11:21:57.267048,2015-08-20 11:22:19.142608,00:00:21.87556,21.87556
PERF.THRUPUT.QS21.Q12,2015-08-20 11:17:58.712194,2015-08-20 11:22:37.05695,00:04:38.344756,278.344756
PERF.THRUPUT.QS11.Q11,2015-08-20 11:21:08.483683,2015-08-20 11:23:18.307837,00:02:09.824154,129.824154
PERF.THRUPUT.QS13.Q22,2015-08-20 11:21:26.266281,2015-08-20 11:24:15.209387,00:02:48.943106,168.943106
PERF.THRUPUT.QS23.Q14,2015-08-20 11:21:59.909768,2015-08-20 11:24:20.038013,00:02:20.128245,140.128245
PERF.THRUPUT.QS1.Q6,2015-08-20 11:19:37.928039,2015-08-20 11:24:58.688488,00:05:20.760449,320.760449
PERF.THRUPUT.QS15.Q12,2015-08-20 11:21:01.801136,2015-08-20 11:26:16.359222,00:05:14.558086,314.558086
PERF.THRUPUT.QS2.Q2,2015-08-20 11:21:46.773834,2015-08-20 11:27:27.046238,00:05:40.272404,340.272404
PERF.THRUPUT.QS18.Q2,2015-08-20 11:22:19.165884,2015-08-20 11:27:27.328832,00:05:08.162948,308.162948
PERF.THRUPUT.QS21.Q15,2015-08-20 11:22:37.09375,2015-08-20 11:28:54.15038,00:06:17.05663,377.05663
PERF.THRUPUT.QS10.Q13,2015-08-20 11:19:28.38192,2015-08-20 11:31:12.048078,00:11:43.666158,703.666158
PERF.THRUPUT.QS5.Q11,2015-08-20 11:29:27.916875,2015-08-20 11:31:29.837436,00:02:01.920561,121.920561
PERF.THRUPUT.QS15.Q6,2015-08-20 11:26:16.391646,2015-08-20 11:31:29.976308,00:05:13.584662,313.584662
PERF.THRUPUT.QS21.Q19,2015-08-20 11:32:30.701997,2015-08-20 11:33:08.722792,00:00:38.020795,38.020795
PERF.THRUPUT.RFST5.RF1,2015-08-20 11:20:57.29818,2015-08-20 11:34:15.659045,00:13:18.360865,798.360865
PERF.THRUPUT.QS24.Q6,2015-08-20 11:30:20.646788,2015-08-20 11:35:25.224587,00:05:04.577799,304.577799
PERF.THRUPUT.QS7.Q2,2015-08-20 11:33:02.73385,2015-08-20 11:38:48.93785,00:05:46.204,346.204
PERF.THRUPUT.QS14.Q18,2015-08-20 11:18:29.222359,2015-08-20 11:40:45.074561,00:22:15.852202,1335.852202
PERF.THRUPUT.QS23.Q8,2015-08-20 11:35:50.654388,2015-08-20 11:42:04.536632,00:06:13.882244,373.882244
PERF.THRUPUT.RFST5,2015-08-20 11:20:57.28752,2015-08-20 11:42:07.725137,00:21:10.437617,1270.437617
PERF.THRUPUT.QS7.Q4,2015-08-20 11:38:48.956157,2015-08-20 11:42:13.394718,00:03:24.438561,204.438561
PERF.THRUPUT.QS6.Q9,2015-08-20 10:49:47.84829,2015-08-20 11:43:23.9924,00:53:36.14411,3216.14411
PERF.THRUPUT.QS20.Q10,2015-08-20 11:37:49.959275,2015-08-20 11:43:39.595895,00:05:49.63662,349.63662
PERF.THRUPUT.QS21.Q13,2015-08-20 11:33:08.75102,2015-08-20 11:44:12.53522,00:11:03.7842,663.7842
PERF.THRUPUT.QS7.Q22,2015-08-20 11:42:13.418275,2015-08-20 11:44:26.612351,00:02:13.194076,133.194076
PERF.THRUPUT.QS23.Q11,2015-08-20 11:42:04.559018,2015-08-20 11:44:30.289534,00:02:25.730516,145.730516
PERF.THRUPUT.QS7.Q17,2015-08-20 11:44:26.645782,2015-08-20 11:44:32.634264,00:00:05.988482,5.988482
PERF.THRUPUT.QS23.Q22,2015-08-20 11:44:30.324462,2015-08-20 11:46:51.542604,00:02:21.218142,141.218142
PERF.THRUPUT.RFST10.RF1,2015-08-20 12:56:49.962274,2015-08-20 13:08:46.120161,00:11:56.157887,716.157887
PERF.THRUPUT.QS2.Q22,2015-08-20 11:47:08.795057,2015-08-20 11:49:43.870078,00:02:35.075021,155.075021
PERF.THRUPUT.QS11.Q4,2015-08-20 11:46:58.674039,2015-08-20 11:50:10.337647,00:03:11.663608,191.663608
PERF.THRUPUT.QS21.Q10,2015-08-20 11:44:12.842246,2015-08-20 11:51:17.511101,00:07:04.668855,424.668855
PERF.THRUPUT.QS6.Q7,2015-08-20 11:43:24.014515,2015-08-20 11:52:48.956134,00:09:24.941619,564.941619
PERF.THRUPUT.QS11.Q22,2015-08-20 11:50:10.358116,2015-08-20 11:52:54.414813,00:02:44.056697,164.056697
PERF.THRUPUT.RFST6.RF1,2015-08-20 11:42:07.750027,2015-08-20 11:53:15.610571,00:11:07.860544,667.860544
PERF.THRUPUT.QS21.Q11,2015-08-20 11:51:17.545376,2015-08-20 11:54:10.966484,00:02:53.421108,173.421108
PERF.THRUPUT.QS8.Q4,2015-08-20 11:50:55.236363,2015-08-20 11:54:55.955142,00:04:00.718779,240.718779
PERF.THRUPUT.QS2.Q12,2015-08-20 11:49:43.993606,2015-08-20 11:54:56.508526,00:05:12.51492,312.51492
PERF.THRUPUT.QS6.Q4,2015-08-20 11:52:48.982502,2015-08-20 11:55:56.792521,00:03:07.810019,187.810019
PERF.THRUPUT.QS1.Q17,2015-08-20 11:56:12.125384,2015-08-20 11:56:17.007219,00:00:04.881835,4.881835
PERF.THRUPUT.QS17.Q2,2015-08-20 11:50:14.791887,2015-08-20 11:56:56.700248,00:06:41.908361,401.908361
PERF.THRUPUT.QS22.Q12,2015-08-20 11:52:26.078634,2015-08-20 11:57:34.488491,00:05:08.409857,308.409857
PERF.THRUPUT.QS11.Q5,2015-08-20 11:52:54.443851,2015-08-20 11:59:57.391315,00:07:02.947464,422.947464
PERF.THRUPUT.QS6.Q22,2015-08-20 11:57:29.18589,2015-08-20 12:00:21.069162,00:02:51.883272,171.883272
PERF.THRUPUT.QS10.Q21,2015-08-20 11:31:12.076959,2015-08-20 12:00:22.972951,00:29:10.895992,1750.895992
PERF.THRUPUT.QS15.Q21,2015-08-20 11:31:30.001126,2015-08-20 12:00:44.835093,00:29:14.833967,1754.833967
PERF.THRUPUT.QS1.Q12,2015-08-20 11:56:17.02921,2015-08-20 12:01:16.698833,00:04:59.669623,299.669623
PERF.THRUPUT.QS19.Q18,2015-08-20 12:50:47.429309,2015-08-20 13:13:58.111387,00:23:10.682078,1390.682078
PERF.THRUPUT.RFST6.RF2,2015-08-20 11:53:15.629822,2015-08-20 12:02:51.20811,00:09:35.578288,575.578288
PERF.THRUPUT.RFST10,2015-08-20 12:56:49.940577,2015-08-20 13:17:06.184874,00:20:16.244297,1216.244297
PERF.THRUPUT.QS14.Q21,2015-08-20 12:50:42.424654,2015-08-20 13:20:11.13042,00:29:28.705766,1768.705766
PERF.THRUPUT.QS12.Q21,2015-08-20 12:48:40.105572,2015-08-20 13:20:11.175645,00:31:31.070073,1891.070073
PERF.THRUPUT.QS7.Q1,2015-08-20 11:44:32.674764,2015-08-20 12:03:27.944737,00:18:55.269973,1135.269973
PERF.THRUPUT.QS12.Q11,2015-08-20 12:02:10.37257,2015-08-20 12:03:54.481032,00:01:44.108462,104.108462
PERF.THRUPUT.RFST11.RF1,2015-08-20 13:17:06.211805,2015-08-20 13:25:47.898305,00:08:41.6865,521.6865
PERF.THRUPUT.QS11.Q12,2015-08-20 11:59:57.412197,2015-08-20 12:04:43.214628,00:04:45.802431,285.802431
PERF.THRUPUT.QS3.Q9,2015-08-20 11:20:21.952638,2015-08-20 12:14:35.862239,00:54:13.909601,3253.909601
PERF.THRUPUT.QS23.Q21,2015-08-20 11:46:51.579638,2015-08-20 12:15:43.61148,00:28:52.031842,1732.031842
PERF.THRUPUT.RFST7,2015-08-20 12:02:51.241862,2015-08-20 12:20:07.623679,00:17:16.381817,1036.381817
PERF.THRUPUT.QS6.Q18,2015-08-20 12:00:21.094568,2015-08-20 12:22:22.629122,00:22:01.534554,1321.534554
PERF.THRUPUT.QS14.Q20,2015-08-20 11:59:25.331951,2015-08-20 12:28:45.023505,00:29:19.691554,1759.691554
PERF.THRUPUT.RFST9.RF1,2015-08-20 12:38:27.096938,2015-08-20 12:46:43.70225,00:08:16.605312,496.605312
PERF.THRUPUT.QS13.Q14,2015-08-20 12:45:08.743111,2015-08-20 12:47:21.728554,00:02:12.985443,132.985443
PERF.THRUPUT.QS21.Q7,2015-08-20 12:44:35.694055,2015-08-20 12:53:27.544016,00:08:51.849961,531.849961
PERF.THRUPUT.QS6.Q5,2015-08-20 12:46:08.203225,2015-08-20 12:53:30.367932,00:07:22.164707,442.164707
PERF.THRUPUT.QS5.Q20,2015-08-20 12:26:11.809627,2015-08-20 12:55:21.735888,00:29:09.926261,1749.926261
PERF.THRUPUT.RFST9.RF2,2015-08-20 12:46:43.727796,2015-08-20 12:56:49.880274,00:10:06.152478,606.152478
PERF.THRUPUT.RFST9,2015-08-20 12:38:27.086644,2015-08-20 12:56:49.89389,00:18:22.807246,1102.807246
PERF.THRUPUT.QS24.Q9,2015-08-20 12:06:12.96269,2015-08-20 12:58:19.360944,00:52:06.398254,3126.398254
PERF.THRUPUT.QS23.Q10,2015-08-20 12:51:27.303567,2015-08-20 12:58:41.828073,00:07:14.524506,434.524506
PERF.THRUPUT.QS3.Q20,2015-08-20 12:30:54.180508,2015-08-20 12:59:07.335576,00:28:13.155068,1693.155068
PERF.THRUPUT.QS6.Q16,2015-08-20 12:53:30.390407,2015-08-20 12:59:08.815271,00:05:38.424864,338.424864
PERF.THRUPUT.QS23.Q19,2015-08-20 12:58:41.859504,2015-08-20 12:59:08.941139,00:00:27.081635,27.081635
PERF.THRUPUT.QS4.Q1,2015-08-20 12:44:08.826779,2015-08-20 13:03:50.101388,00:19:41.274609,1181.274609
PERF.THRUPUT.QS24.Q8,2015-08-20 12:58:19.398113,2015-08-20 13:04:27.99885,00:06:08.600737,368.600737
PERF.THRUPUT.QS6.Q2,2015-08-20 12:59:08.831422,2015-08-20 13:04:30.694627,00:05:21.863205,321.863205
PERF.THRUPUT.QS3.Q2,2015-08-20 12:59:07.368481,2015-08-20 13:04:31.19204,00:05:23.823559,323.823559
PERF.THRUPUT.QS16.Q7,2015-08-20 13:14:37.175892,2015-08-20 13:25:52.981882,00:11:15.80599,675.80599
PERF.THRUPUT.QS12.Q13,2015-08-20 13:20:11.196186,2015-08-20 13:32:11.935166,00:12:00.73898,720.73898
PERF.THRUPUT.QS15.Q19,2015-08-20 13:32:59.311065,2015-08-20 13:33:19.808093,00:00:20.497028,20.497028
PERF.THRUPUT.QS10.Q20,2015-08-20 13:12:28.780509,2015-08-20 13:40:57.121596,00:28:28.341087,1708.341087
PERF.THRUPUT.QS23.Q13,2015-08-20 13:28:53.076995,2015-08-20 13:41:16.962457,00:12:23.885462,743.885462
PERF.THRUPUT.QS11.Q21,2015-08-20 13:11:59.928731,2015-08-20 13:41:59.945014,00:30:00.016283,1800.016283
PERF.THRUPUT.QS2.Q7,2015-08-20 11:54:56.528,2015-08-20 12:04:45.723987,00:09:49.195987,589.195987
PERF.THRUPUT.QS1.Q16,2015-08-20 12:01:16.71771,2015-08-20 12:04:49.971816,00:03:33.254106,213.254106
PERF.THRUPUT.QS7.Q11,2015-08-20 12:03:28.031615,2015-08-20 12:05:25.452219,00:01:57.420604,117.420604
PERF.THRUPUT.QS24.Q4,2015-08-20 12:03:01.323817,2015-08-20 12:06:12.917254,00:03:11.593437,191.593437
PERF.THRUPUT.QS4.Q8,2015-08-20 12:01:18.389638,2015-08-20 12:06:47.325666,00:05:28.936028,328.936028
PERF.THRUPUT.QS10.Q10,2015-08-20 12:00:22.993589,2015-08-20 12:07:00.488739,00:06:37.49515,397.49515
PERF.THRUPUT.QS12.Q4,2015-08-20 12:03:54.517816,2015-08-20 12:07:01.088044,00:03:06.570228,186.570228
PERF.THRUPUT.QS5.Q1,2015-08-20 11:48:21.785286,2015-08-20 12:07:53.293896,00:19:31.50861,1171.50861
PERF.THRUPUT.QS8.Q20,2015-08-20 12:03:03.81728,2015-08-20 12:08:01.0647,00:04:57.24742,297.24742
PERF.THRUPUT.QS10.Q14,2015-08-20 12:07:00.518395,2015-08-20 12:09:18.882271,00:02:18.363876,138.363876
PERF.THRUPUT.QS17.Q10,2015-08-20 12:02:52.09005,2015-08-20 12:09:38.403873,00:06:46.313823,406.313823
PERF.THRUPUT.QS9.Q18,2015-08-20 11:48:26.559715,2015-08-20 12:10:02.350147,00:21:35.790432,1295.790432
PERF.THRUPUT.QS4.Q16,2015-08-20 12:06:47.399103,2015-08-20 12:10:07.50656,00:03:20.107457,200.107457
PERF.THRUPUT.RFST7.RF1,2015-08-20 12:02:51.254453,2015-08-20 12:10:13.01169,00:07:21.757237,441.757237
PERF.THRUPUT.QS20.Q20,2015-08-20 11:43:39.629131,2015-08-20 12:10:18.014229,00:26:38.385098,1598.385098
PERF.THRUPUT.QS1.Q15,2015-08-20 12:04:50.001618,2015-08-20 12:10:55.104226,00:06:05.102608,365.102608
PERF.THRUPUT.QS8.Q16,2015-08-20 12:08:01.119165,2015-08-20 12:11:28.918479,00:03:27.799314,207.799314
PERF.THRUPUT.QS12.Q2,2015-08-20 12:07:01.117281,2015-08-20 12:11:30.552016,00:04:29.434735,269.434735
PERF.THRUPUT.QS9.Q11,2015-08-20 12:10:02.388848,2015-08-20 12:11:41.27588,00:01:38.887032,98.887032
PERF.THRUPUT.QS4.Q11,2015-08-20 12:10:07.532662,2015-08-20 12:11:42.055841,00:01:34.523179,94.523179
PERF.THRUPUT.QS9.Q19,2015-08-20 12:11:41.298594,2015-08-20 12:12:01.236248,00:00:19.937654,19.937654
PERF.THRUPUT.QS15.Q7,2015-08-20 12:00:44.854771,2015-08-20 12:12:07.337566,00:11:22.482795,682.482795
PERF.THRUPUT.QS5.Q2,2015-08-20 12:07:53.32052,2015-08-20 12:12:17.097478,00:04:23.776958,263.776958
PERF.THRUPUT.QS22.Q7,2015-08-20 12:04:55.890635,2015-08-20 12:14:04.957224,00:09:09.066589,549.066589
PERF.THRUPUT.QS8.Q6,2015-08-20 12:11:28.939179,2015-08-20 12:16:11.06328,00:04:42.124101,282.124101
PERF.THRUPUT.QS2.Q13,2015-08-20 12:04:45.755129,2015-08-20 12:16:15.333634,00:11:29.578505,689.578505
PERF.THRUPUT.QS4.Q2,2015-08-20 12:11:42.076701,2015-08-20 12:16:17.649683,00:04:35.572982,275.572982
PERF.THRUPUT.QS18.Q1,2015-08-20 11:56:12.15575,2015-08-20 12:16:29.142504,00:20:16.986754,1216.986754
PERF.THRUPUT.QS20.Q3,2015-08-20 12:10:18.033047,2015-08-20 12:18:02.654069,00:07:44.621022,464.621022
PERF.THRUPUT.QS12.Q5,2015-08-20 12:11:30.575673,2015-08-20 12:18:10.995163,00:06:40.41949,400.41949
PERF.THRUPUT.QS11.Q19,2015-08-20 14:03:22.758627,2015-08-20 14:03:29.468436,00:00:06.709809,6.709809
PERF.THRUPUT.QS9.Q10,2015-08-20 12:12:01.261639,2015-08-20 12:18:39.941482,00:06:38.679843,398.679843
PERF.THRUPUT.QS8.Q22,2015-08-20 12:16:11.080502,2015-08-20 12:18:50.035202,00:02:38.9547,158.9547
PERF.THRUPUT.QS23.Q16,2015-08-20 12:15:43.633904,2015-08-20 12:19:13.741691,00:03:30.107787,210.107787
PERF.THRUPUT.QS18.Q22,2015-08-20 14:02:30.343373,2015-08-20 14:03:58.565134,00:01:28.221761,88.221761
PERF.THRUPUT.QS13.Q16,2015-08-20 12:16:36.344113,2015-08-20 12:19:49.77537,00:03:13.431257,193.431257
PERF.THRUPUT.QS15.Q3,2015-08-20 12:12:07.361881,2015-08-20 12:19:52.03023,00:07:44.668349,464.668349
PERF.THRUPUT.RFST7.RF2,2015-08-20 12:10:13.030535,2015-08-20 12:20:07.609457,00:09:54.578922,594.578922
PERF.THRUPUT.QS16.Q11,2015-08-20 12:19:19.805611,2015-08-20 12:21:47.248505,00:02:27.442894,147.442894
PERF.THRUPUT.QS1.Q13,2015-08-20 12:10:55.200596,2015-08-20 12:22:01.712903,00:11:06.512307,666.512307
PERF.THRUPUT.QS4.Q10,2015-08-20 12:16:17.673391,2015-08-20 12:22:58.475378,00:06:40.801987,400.801987
PERF.THRUPUT.QS18.Q10,2015-08-20 12:17:01.918724,2015-08-20 12:23:41.008834,00:06:39.09011,399.09011
PERF.THRUPUT.QS21.Q5,2015-08-20 12:18:05.550823,2015-08-20 12:24:56.29445,00:06:50.743627,410.743627
PERF.THRUPUT.QS14.Q6,2015-08-20 14:02:17.939022,2015-08-20 14:04:29.606045,00:02:11.667023,131.667023
PERF.THRUPUT.QS13.Q6,2015-08-20 12:19:49.79775,2015-08-20 12:25:06.599334,00:05:16.801584,316.801584
PERF.THRUPUT.QS9.Q15,2015-08-20 12:18:39.964119,2015-08-20 12:25:06.618455,00:06:26.654336,386.654336
PERF.THRUPUT.QS8.Q10,2015-08-20 12:18:50.059055,2015-08-20 12:25:15.622131,00:06:25.563076,385.563076
PERF.THRUPUT.QS18.Q16,2015-08-20 14:03:58.580818,2015-08-20 14:05:52.265423,00:01:53.684605,113.684605
PERF.THRUPUT.QS22.Q6,2015-08-20 12:20:22.59351,2015-08-20 12:25:25.05731,00:05:02.4638,302.4638
PERF.THRUPUT.QS5.Q8,2015-08-20 12:19:47.03868,2015-08-20 12:26:11.782159,00:06:24.743479,384.743479
PERF.THRUPUT.QS9.Q16,2015-08-20 14:04:17.433608,2015-08-20 14:06:03.790865,00:01:46.357257,106.357257
PERF.THRUPUT.QS15.Q15,2015-08-20 12:19:52.051913,2015-08-20 12:26:28.977683,00:06:36.92577,396.92577
PERF.THRUPUT.QS13.Q11,2015-08-20 12:25:06.625644,2015-08-20 12:27:33.402362,00:02:26.776718,146.776718
PERF.THRUPUT.RFST13.RF2,2015-08-20 14:02:14.993296,2015-08-20 14:06:31.058027,00:04:16.064731,256.064731
PERF.THRUPUT.QS6.Q12,2015-08-20 12:22:22.665802,2015-08-20 12:27:41.537518,00:05:18.871716,318.871716
PERF.THRUPUT.QS16.Q15,2015-08-20 12:21:47.322144,2015-08-20 12:28:39.932708,00:06:52.610564,412.610564
PERF.THRUPUT.RFST14.RF2,2015-08-20 14:08:40.595407,2015-08-20 14:12:38.336174,00:03:57.740767,237.740767
PERF.THRUPUT.QS3.Q15,2015-08-20 12:22:10.519228,2015-08-20 12:29:06.611788,00:06:56.09256,416.09256
PERF.THRUPUT.RFST15.RF2,2015-08-20 14:14:30.496961,2015-08-20 14:18:31.905653,00:04:01.408692,241.408692
PERF.THRUPUT.QS1.Q10,2015-08-20 12:22:01.740782,2015-08-20 12:29:29.636421,00:07:27.895639,447.895639
PERF.THRUPUT.QS3.Q11,2015-08-20 12:29:06.633812,2015-08-20 12:30:54.157276,00:01:47.523464,107.523464
PERF.THRUPUT.QS17.Q18,2015-08-20 12:09:38.43616,2015-08-20 12:31:31.386027,00:21:52.949867,1312.949867
PERF.THRUPUT.QS17.Q17,2015-08-20 12:31:31.408122,2015-08-20 12:31:49.351938,00:00:17.943816,17.943816
PERF.THRUPUT.RFST16.RF2,2015-08-20 14:20:23.488216,2015-08-20 14:24:19.26027,00:03:55.772054,235.772054
PERF.THRUPUT.QS9.Q22,2015-08-20 12:28:55.480444,2015-08-20 12:33:10.257929,00:04:14.777485,254.777485
PERF.THRUPUT.QS19.Q3,2015-08-20 12:24:03.123935,2015-08-20 12:33:19.880796,00:09:16.756861,556.756861
PERF.THRUPUT.RFST17.RF2,2015-08-20 14:26:09.861773,2015-08-20 14:30:09.960426,00:04:00.098653,240.098653
PERF.THRUPUT.QS15.Q5,2015-08-20 12:26:29.004503,2015-08-20 12:33:27.866354,00:06:58.861851,418.861851
PERF.THRUPUT.QS22.Q3,2015-08-20 12:25:25.094461,2015-08-20 12:33:55.941196,00:08:30.846735,510.846735
PERF.THRUPUT.RFST18.RF2,2015-08-20 14:31:59.910116,2015-08-20 14:35:58.764946,00:03:58.85483,238.85483
PERF.THRUPUT.QS7.Q9,2015-08-20 12:05:25.481775,2015-08-20 13:03:24.286187,00:57:58.804412,3478.804412
PERF.THRUPUT.QS20.Q9,2015-08-20 12:18:02.745664,2015-08-20 13:12:46.576635,00:54:43.830971,3283.830971
PERF.THRUPUT.QS18.Q9,2015-08-20 12:23:41.032117,2015-08-20 13:23:04.077381,00:59:23.045264,3563.045264
PERF.THRUPUT.RFST19.RF2,2015-08-20 14:37:50.053873,2015-08-20 14:41:44.971036,00:03:54.917163,234.917163
PERF.THRUPUT.RFST20.RF2,2015-08-20 14:43:36.424472,2015-08-20 14:47:33.782976,00:03:57.358504,237.358504
PERF.THRUPUT.RFST21.RF2,2015-08-20 14:49:25.111511,2015-08-20 14:53:23.085425,00:03:57.973914,237.973914
PERF.THRUPUT.RFST22.RF2,2015-08-20 14:55:15.437744,2015-08-20 14:59:12.21274,00:03:56.774996,236.774996
PERF.THRUPUT.RFST23.RF1,2015-08-20 14:59:12.236179,2015-08-20 15:01:03.758476,00:01:51.522297,111.522297
PERF.THRUPUT.RFST24.RF1,2015-08-20 15:05:01.449661,2015-08-20 15:06:53.091916,00:01:51.642255,111.642255
PERF.THRUPUT.RFST24,2015-08-20 15:05:01.442378,2015-08-20 15:10:51.320958,00:05:49.87858,349.87858
PERF.THRUPUT.QS21.Q8,2015-08-20 12:53:27.575811,2015-08-20 12:59:17.03526,00:05:49.459449,349.459449
PERF.THRUPUT.QS2.Q1,2015-08-20 12:40:40.412614,2015-08-20 12:59:41.322643,00:19:00.910029,1140.910029
PERF.THRUPUT.QS5.Q12,2015-08-20 12:55:21.76062,2015-08-20 13:00:22.265078,00:05:00.504458,300.504458
PERF.THRUPUT.QS5.Q17,2015-08-20 13:00:22.305253,2015-08-20 13:00:33.749508,00:00:11.444255,11.444255
PERF.THRUPUT.QS17.Q13,2015-08-20 12:50:36.937185,2015-08-20 13:01:36.453908,00:10:59.516723,659.516723
PERF.THRUPUT.QS10.Q9,2015-08-20 12:09:18.912982,2015-08-20 13:01:47.156466,00:52:28.243484,3148.243484
PERF.THRUPUT.QS21.Q22,2015-08-20 12:59:17.057907,2015-08-20 13:02:08.14212,00:02:51.084213,171.084213
PERF.THRUPUT.QS23.Q4,2015-08-20 12:59:08.962379,2015-08-20 13:02:24.859108,00:03:15.896729,195.896729
PERF.THRUPUT.QS2.Q4,2015-08-20 12:59:41.353427,2015-08-20 13:02:44.966498,00:03:03.613071,183.613071
PERF.THRUPUT.QS15.Q20,2015-08-20 12:36:08.982575,2015-08-20 13:02:46.223261,00:26:37.240686,1597.240686
PERF.THRUPUT.QS16.Q18,2015-08-20 12:41:21.387248,2015-08-20 13:02:51.216688,00:21:29.82944,1289.82944
PERF.THRUPUT.QS9.Q7,2015-08-20 12:52:33.098575,2015-08-20 13:03:01.020599,00:10:27.922024,627.922024
PERF.THRUPUT.QS7.Q19,2015-08-20 13:03:24.340965,2015-08-20 13:03:47.09239,00:00:22.751425,22.751425
PERF.THRUPUT.QS6.Q14,2015-08-20 13:04:30.713098,2015-08-20 13:06:34.392474,00:02:03.679376,123.679376
PERF.THRUPUT.QS24.Q22,2015-08-20 13:04:28.033317,2015-08-20 13:06:47.555925,00:02:19.522608,139.522608
PERF.THRUPUT.QS6.Q19,2015-08-20 13:06:34.427179,2015-08-20 13:06:59.303862,00:00:24.876683,24.876683
PERF.THRUPUT.QS5.Q10,2015-08-20 13:00:33.842617,2015-08-20 13:07:46.597316,00:07:12.754699,432.754699
PERF.THRUPUT.QS10.Q3,2015-08-20 13:01:47.186849,2015-08-20 13:08:18.809086,00:06:31.622237,391.622237
PERF.THRUPUT.QS9.Q12,2015-08-20 13:03:01.057128,2015-08-20 13:08:20.670846,00:05:19.613718,319.613718
PERF.THRUPUT.QS22.Q20,2015-08-20 12:40:22.977009,2015-08-20 13:08:57.871424,00:28:34.894415,1714.894415
PERF.THRUPUT.QS7.Q3,2015-08-20 13:03:47.117094,2015-08-20 13:10:32.828648,00:06:45.711554,405.711554
PERF.THRUPUT.QS11.Q9,2015-08-20 12:12:46.062443,2015-08-20 13:11:59.908627,00:59:13.846184,3553.846184
PERF.THRUPUT.QS10.Q16,2015-08-20 13:08:18.837514,2015-08-20 13:12:28.760097,00:04:09.922583,249.922583
PERF.THRUPUT.QS24.Q15,2015-08-20 13:06:47.836671,2015-08-20 13:13:08.719445,00:06:20.882774,380.882774
PERF.THRUPUT.QS16.Q13,2015-08-20 13:02:51.250598,2015-08-20 13:14:37.108564,00:11:45.857966,705.857966
PERF.THRUPUT.QS4.Q13,2015-08-20 13:03:50.138269,2015-08-20 13:14:37.129016,00:10:46.990747,646.990747
PERF.THRUPUT.QS19.Q11,2015-08-20 13:13:58.178987,2015-08-20 13:16:17.190495,00:02:19.011508,139.011508
PERF.THRUPUT.RFST10.RF2,2015-08-20 13:08:46.138988,2015-08-20 13:17:06.172353,00:08:20.033365,500.033365
PERF.THRUPUT.QS24.Q2,2015-08-20 13:13:08.761973,2015-08-20 13:20:08.697273,00:06:59.9353,419.9353
PERF.THRUPUT.QS17.Q1,2015-08-20 13:01:36.488909,2015-08-20 13:20:12.220297,00:18:35.731388,1115.731388
PERF.THRUPUT.QS15.Q1,2015-08-20 13:02:46.243707,2015-08-20 13:21:08.959117,00:18:22.71541,1102.71541
PERF.THRUPUT.QS7.Q13,2015-08-20 13:10:32.851226,2015-08-20 13:21:54.303633,00:11:21.452407,681.452407
PERF.THRUPUT.QS17.Q4,2015-08-20 13:20:12.252495,2015-08-20 13:23:23.358044,00:03:11.105549,191.105549
PERF.THRUPUT.QS4.Q7,2015-08-20 13:14:37.176381,2015-08-20 13:25:52.854986,00:11:15.678605,675.678605
PERF.THRUPUT.QS17.Q22,2015-08-20 13:23:23.413709,2015-08-20 13:26:16.42137,00:02:53.007661,173.007661
PERF.THRUPUT.QS18.Q12,2015-08-20 13:23:04.129383,2015-08-20 13:28:20.980092,00:05:16.850709,316.850709
PERF.THRUPUT.QS4.Q22,2015-08-20 13:25:52.875412,2015-08-20 13:28:28.796776,00:02:35.921364,155.921364
PERF.THRUPUT.QS2.Q20,2015-08-20 13:02:44.997066,2015-08-20 13:28:52.471577,00:26:07.474511,1567.474511
PERF.THRUPUT.QS23.Q20,2015-08-20 13:02:24.88335,2015-08-20 13:28:53.060342,00:26:28.176992,1588.176992
PERF.THRUPUT.QS7.Q5,2015-08-20 13:21:54.343338,2015-08-20 13:28:55.83916,00:07:01.495822,421.495822
PERF.THRUPUT.QS14.Q13,2015-08-20 13:20:11.155092,2015-08-20 13:32:16.754006,00:12:05.598914,725.598914
PERF.THRUPUT.QS3.Q21,2015-08-20 13:04:31.223525,2015-08-20 13:32:57.87214,00:28:26.648615,1706.648615
PERF.THRUPUT.QS15.Q13,2015-08-20 13:21:08.997991,2015-08-20 13:32:59.290236,00:11:50.292245,710.292245
PERF.THRUPUT.QS3.Q19,2015-08-20 13:32:57.97737,2015-08-20 13:33:19.840962,00:00:21.863592,21.863592
PERF.THRUPUT.QS13.Q13,2015-08-20 13:22:37.888914,2015-08-20 13:34:43.593972,00:12:05.705058,725.705058
PERF.THRUPUT.QS14.Q14,2015-08-20 13:32:16.776674,2015-08-20 13:34:47.487233,00:02:30.710559,150.710559
PERF.THRUPUT.QS6.Q20,2015-08-20 13:06:59.330875,2015-08-20 13:35:03.608818,00:28:04.277943,1684.277943
PERF.THRUPUT.RFST11.RF2,2015-08-20 13:25:47.918994,2015-08-20 13:35:07.240635,00:09:19.321641,559.321641
PERF.THRUPUT.RFST11,2015-08-20 13:17:06.200221,2015-08-20 13:35:07.257278,00:18:01.057057,1081.057057
PERF.THRUPUT.QS14.Q19,2015-08-20 13:34:47.511399,2015-08-20 13:35:07.487782,00:00:19.976383,19.976383
PERF.THRUPUT.QS6.Q17,2015-08-20 13:35:03.629024,2015-08-20 13:35:10.734023,00:00:07.104999,7.104999
PERF.THRUPUT.QS4.Q3,2015-08-20 13:28:28.81863,2015-08-20 13:36:13.230343,00:07:44.411713,464.411713
PERF.THRUPUT.QS2.Q3,2015-08-20 13:28:52.48998,2015-08-20 13:36:22.236112,00:07:29.746132,449.746132
PERF.THRUPUT.QS2.Q11,2015-08-20 13:36:22.269533,2015-08-20 13:38:35.27036,00:02:13.000827,133.000827
PERF.THRUPUT.QS8.Q18,2015-08-20 13:15:54.334259,2015-08-20 13:38:42.306485,00:22:47.972226,1367.972226
PERF.THRUPUT.QS24.Q1,2015-08-20 13:20:08.730756,2015-08-20 13:38:58.803114,00:18:50.072358,1130.072358
PERF.THRUPUT.QS7.Q7,2015-08-20 13:28:55.859982,2015-08-20 13:39:21.430777,00:10:25.570795,625.570795
PERF.THRUPUT.QS1.Q22,2015-08-20 13:36:59.657664,2015-08-20 13:39:40.182106,00:02:40.524442,160.524442
PERF.THRUPUT.QS12.Q10,2015-08-20 13:32:11.96771,2015-08-20 13:39:52.892709,00:07:40.924999,460.924999
PERF.THRUPUT.QS12.Q19,2015-08-20 13:39:52.946265,2015-08-20 13:40:29.497454,00:00:36.551189,36.551189
PERF.THRUPUT.QS8.Q11,2015-08-20 13:38:42.88553,2015-08-20 13:40:56.298053,00:02:13.412523,133.412523
PERF.THRUPUT.QS21.Q9,2015-08-20 13:02:08.173597,2015-08-20 13:59:11.486249,00:57:03.312652,3423.312652
PERF.THRUPUT.QS6.Q21,2015-08-20 13:35:10.754311,2015-08-20 14:02:28.719888,00:27:17.965577,1637.965577
PERF.THRUPUT.QS4.Q20,2015-08-20 13:36:13.254526,2015-08-20 14:02:42.574124,00:26:29.319598,1589.319598
PERF.THRUPUT.QS2.Q21,2015-08-20 13:38:35.486316,2015-08-20 14:02:43.672091,00:24:08.185775,1448.185775
PERF.THRUPUT.QS15.Q2,2015-08-20 13:33:19.828162,2015-08-20 13:41:17.452579,00:07:57.624417,477.624417
PERF.THRUPUT.QS10.Q19,2015-08-20 13:40:57.144435,2015-08-20 13:41:35.085233,00:00:37.940798,37.940798
PERF.THRUPUT.QS14.Q8,2015-08-20 13:35:07.506991,2015-08-20 13:41:55.456462,00:06:47.949471,407.949471
PERF.THRUPUT.QS20.Q21,2015-08-20 13:12:46.597807,2015-08-20 13:42:40.546795,00:29:53.948988,1793.948988
PERF.THRUPUT.QS10.Q11,2015-08-20 13:41:35.117409,2015-08-20 13:43:02.883531,00:01:27.766122,87.766122
PERF.THRUPUT.QS3.Q13,2015-08-20 13:33:19.859286,2015-08-20 13:44:06.213421,00:10:46.354135,646.354135
PERF.THRUPUT.QS14.Q22,2015-08-20 13:41:55.482645,2015-08-20 13:44:25.13146,00:02:29.648815,149.648815
PERF.THRUPUT.QS24.Q5,2015-08-20 13:38:58.826655,2015-08-20 13:44:50.054372,00:05:51.227717,351.227717
PERF.THRUPUT.QS19.Q20,2015-08-20 13:16:17.21336,2015-08-20 13:44:56.185373,00:28:38.972013,1718.972013
PERF.THRUPUT.QS20.Q11,2015-08-20 13:42:40.580215,2015-08-20 13:45:03.163599,00:02:22.583384,142.583384
PERF.THRUPUT.QS15.Q4,2015-08-20 13:41:17.553479,2015-08-20 13:45:05.947089,00:03:48.39361,228.39361
PERF.THRUPUT.QS19.Q19,2015-08-20 13:44:56.207544,2015-08-20 13:45:19.271249,00:00:23.063705,23.063705
PERF.THRUPUT.QS10.Q4,2015-08-20 13:43:02.914271,2015-08-20 13:46:10.565893,00:03:07.651622,187.651622
PERF.THRUPUT.QS14.Q11,2015-08-20 13:44:25.155955,2015-08-20 13:46:15.1979,00:01:50.041945,110.041945
PERF.THRUPUT.QS7.Q10,2015-08-20 13:39:21.674829,2015-08-20 13:46:55.036972,00:07:33.362143,453.362143
PERF.THRUPUT.QS12.Q3,2015-08-20 13:40:29.517528,2015-08-20 13:46:58.068367,00:06:28.550839,388.550839
PERF.THRUPUT.QS3.Q16,2015-08-20 13:44:06.236636,2015-08-20 13:47:42.07586,00:03:35.839224,215.839224
PERF.THRUPUT.QS23.Q3,2015-08-20 13:41:17.004716,2015-08-20 13:48:02.776607,00:06:45.771891,405.771891
PERF.THRUPUT.QS11.Q2,2015-08-20 13:42:00.057143,2015-08-20 13:48:39.113005,00:06:39.055862,399.055862
PERF.THRUPUT.QS12.Q14,2015-08-20 13:46:58.239963,2015-08-20 13:49:09.75644,00:02:11.516477,131.516477
PERF.THRUPUT.QS24.Q12,2015-08-20 13:44:50.087569,2015-08-20 13:49:50.483566,00:05:00.395997,300.395997
PERF.THRUPUT.QS7.Q16,2015-08-20 13:46:55.093743,2015-08-20 13:49:54.940129,00:02:59.846386,179.846386
PERF.THRUPUT.QS18.Q18,2015-08-20 13:28:21.002498,2015-08-20 13:50:00.0739,00:21:39.071402,1299.071402
PERF.THRUPUT.QS24.Q19,2015-08-20 13:49:50.511274,2015-08-20 13:50:21.441951,00:00:30.930677,30.930677
PERF.THRUPUT.QS20.Q2,2015-08-20 13:45:03.192419,2015-08-20 13:50:30.195191,00:05:27.002772,327.002772
PERF.THRUPUT.QS24.Q17,2015-08-20 13:50:21.462932,2015-08-20 13:50:31.687513,00:00:10.224581,10.224581
PERF.THRUPUT.RFST12.RF1,2015-08-20 13:35:07.28717,2015-08-20 13:50:53.406115,00:15:46.118945,946.118945
PERF.THRUPUT.QS10.Q8,2015-08-20 13:46:10.696604,2015-08-20 13:52:16.236807,00:06:05.540203,365.540203
PERF.THRUPUT.QS24.Q11,2015-08-20 13:50:31.713113,2015-08-20 13:52:27.706613,00:01:55.9935,115.9935
PERF.THRUPUT.QS3.Q12,2015-08-20 13:47:42.110505,2015-08-20 13:52:28.634737,00:04:46.524232,286.524232
PERF.THRUPUT.QS14.Q10,2015-08-20 13:46:15.221244,2015-08-20 13:52:42.553514,00:06:27.33227,387.33227
PERF.THRUPUT.QS13.Q18,2015-08-20 13:34:43.618448,2015-08-20 13:54:01.143519,00:19:17.525071,1157.525071
PERF.THRUPUT.QS7.Q6,2015-08-20 13:49:54.976428,2015-08-20 13:54:47.841317,00:04:52.864889,292.864889
PERF.THRUPUT.QS12.Q15,2015-08-20 13:49:09.787232,2015-08-20 13:54:56.286147,00:05:46.498915,346.498915
PERF.THRUPUT.QS20.Q6,2015-08-20 13:50:30.222818,2015-08-20 13:55:04.763574,00:04:34.540756,274.540756
PERF.THRUPUT.QS18.Q15,2015-08-20 13:50:00.108139,2015-08-20 13:55:19.513968,00:05:19.405829,319.405829
PERF.THRUPUT.QS24.Q16,2015-08-20 13:52:27.728744,2015-08-20 13:55:59.956752,00:03:32.228008,212.228008
PERF.THRUPUT.QS17.Q20,2015-08-20 13:26:16.447251,2015-08-20 13:56:19.115891,00:30:02.66864,1802.66864
PERF.THRUPUT.QS16.Q21,2015-08-20 13:25:52.997945,2015-08-20 13:56:29.042026,00:30:36.044081,1836.044081
PERF.THRUPUT.QS7.Q14,2015-08-20 13:54:47.863928,2015-08-20 13:56:37.446683,00:01:49.582755,109.582755
PERF.THRUPUT.QS23.Q7,2015-08-20 13:48:02.804988,2015-08-20 13:57:52.518389,00:09:49.713401,589.713401
PERF.THRUPUT.QS23.ALL,2015-08-20 10:03:36.820678,2015-08-20 13:57:52.532778,03:54:15.7121,14055.7121
PERF.THRUPUT.QS10.Q5,2015-08-20 13:52:16.263379,2015-08-20 13:58:26.991436,00:06:10.728057,370.728057
PERF.THRUPUT.QS10.ALL,2015-08-20 10:03:36.800817,2015-08-20 13:58:27.006652,03:54:50.205835,14090.205835
PERF.THRUPUT.QS1.Q1,2015-08-20 13:39:40.400616,2015-08-20 13:58:31.653395,00:18:51.252779,1131.252779
PERF.THRUPUT.QS5.ALL,2015-08-20 10:03:36.782852,2015-08-20 13:58:39.493731,03:55:02.710879,14102.710879
PERF.THRUPUT.QS13.Q15,2015-08-20 13:54:01.162431,2015-08-20 13:58:43.974638,00:04:42.812207,282.812207
PERF.THRUPUT.RFST12.RF2,2015-08-20 13:50:53.423558,2015-08-20 13:58:51.275393,00:07:57.851835,477.851835
PERF.THRUPUT.RFST12,2015-08-20 13:35:07.275574,2015-08-20 13:58:51.286127,00:23:44.010553,1424.010553
PERF.THRUPUT.QS13.Q19,2015-08-20 13:58:43.994215,2015-08-20 13:58:56.861811,00:00:12.867596,12.867596
PERF.THRUPUT.QS13.ALL,2015-08-20 10:03:36.803638,2015-08-20 13:58:56.877888,03:55:20.07425,14120.07425
PERF.THRUPUT.QS14.Q3,2015-08-20 13:52:42.573804,2015-08-20 13:58:58.063334,00:06:15.48953,375.48953
PERF.THRUPUT.QS9.Q9,2015-08-20 13:08:20.840175,2015-08-20 13:58:58.900659,00:50:38.060484,3038.060484
PERF.THRUPUT.QS20.Q8,2015-08-20 13:55:04.779797,2015-08-20 13:59:13.100191,00:04:08.320394,248.320394
PERF.THRUPUT.QS3.Q3,2015-08-20 13:52:28.656421,2015-08-20 13:59:53.608401,00:07:24.95198,444.95198
PERF.THRUPUT.QS17.Q6,2015-08-20 13:56:19.134741,2015-08-20 14:00:15.858039,00:03:56.723298,236.723298
PERF.THRUPUT.QS1.Q4,2015-08-20 13:58:31.67209,2015-08-20 14:00:27.643066,00:01:55.970976,115.970976
PERF.THRUPUT.QS9.Q14,2015-08-20 13:58:58.917636,2015-08-20 14:00:29.879314,00:01:30.961678,90.961678
PERF.THRUPUT.QS11.Q13,2015-08-20 13:48:39.139154,2015-08-20 14:00:35.534699,00:11:56.395545,716.395545
PERF.THRUPUT.QS7.Q15,2015-08-20 13:56:37.468315,2015-08-20 14:01:00.791804,00:04:23.323489,263.323489
PERF.THRUPUT.QS19.Q1,2015-08-20 13:45:19.317527,2015-08-20 14:01:56.301506,00:16:36.983979,996.983979
PERF.THRUPUT.RFST13.RF1,2015-08-20 13:58:51.308358,2015-08-20 14:02:14.979391,00:03:23.671033,203.671033
PERF.THRUPUT.QS14.Q12,2015-08-20 13:58:58.076875,2015-08-20 14:02:17.92302,00:03:19.846145,199.846145
PERF.THRUPUT.QS18.Q7,2015-08-20 13:55:19.536478,2015-08-20 14:02:30.329493,00:07:10.793015,430.793015
PERF.THRUPUT.QS15.Q18,2015-08-20 13:45:06.295602,2015-08-20 14:02:30.833748,00:17:24.538146,1044.538146
PERF.THRUPUT.QS15.ALL,2015-08-20 10:03:36.790627,2015-08-20 14:02:30.842189,03:58:54.051562,14334.051562
PERF.THRUPUT.QS21.Q3,2015-08-20 14:02:26.255211,2015-08-20 14:06:06.837126,00:03:40.581915,220.581915
PERF.THRUPUT.RFST13,2015-08-20 13:58:51.299885,2015-08-20 14:06:31.06643,00:07:39.766545,459.766545
PERF.THRUPUT.QS11.Q7,2015-08-20 14:03:29.481977,2015-08-20 14:08:10.406503,00:04:40.924526,280.924526
PERF.THRUPUT.RFST14,2015-08-20 14:06:31.074414,2015-08-20 14:12:38.343313,00:06:07.268899,367.268899
PERF.THRUPUT.RFST15,2015-08-20 14:12:38.351834,2015-08-20 14:18:31.913086,00:05:53.561252,353.561252
PERF.THRUPUT.RFST16,2015-08-20 14:18:31.921769,2015-08-20 14:24:19.267703,00:05:47.345934,347.345934
PERF.THRUPUT.RFST17,2015-08-20 14:24:19.276903,2015-08-20 14:30:09.967738,00:05:50.690835,350.690835
PERF.THRUPUT.RFST18,2015-08-20 14:30:09.976841,2015-08-20 14:35:58.771919,00:05:48.795078,348.795078
PERF.THRUPUT.RFST19,2015-08-20 14:35:58.781041,2015-08-20 14:41:44.978233,00:05:46.197192,346.197192
PERF.THRUPUT.RFST20,2015-08-20 14:41:44.986795,2015-08-20 14:47:33.790084,00:05:48.803289,348.803289
PERF.THRUPUT.RFST21,2015-08-20 14:47:33.799562,2015-08-20 14:53:23.093228,00:05:49.293666,349.293666
PERF.THRUPUT.RFST22,2015-08-20 14:53:23.1027,2015-08-20 14:59:12.219962,00:05:49.117262,349.117262
PERF.THRUPUT.RFST23.RF2,2015-08-20 15:01:03.769003,2015-08-20 15:05:01.425045,00:03:57.656042,237.656042
PERF.THRUPUT.RFST23,2015-08-20 14:59:12.22864,2015-08-20 15:05:01.433266,00:05:49.204626,349.204626
PERF.THRUPUT.RFST24.RF2,2015-08-20 15:06:53.102372,2015-08-20 15:10:51.313605,00:03:58.211233,238.211233
