# hostname;interval;timestamp;DEV;tps;rd_sec/s;wr_sec/s;avgrq-sz;avgqu-sz;await;svctm;%util
ip-10-145-11-135.us-west-1.compute.internal;60;1440073113;xvda;10139.45;111.87;416687.40;41.11;80.51;7.94;0.07;70.68
ip-10-145-11-135.us-west-1.compute.internal;60;1440073113;xvdb;0.00;0.00;0.00;0.00;0.00;0.00;0.00;0.00
ip-10-145-11-135.us-west-1.compute.internal;60;1440073113;xvdc;0.00;0.00;0.00;0.00;0.00;0.00;0.00;0.00
ip-10-145-11-135.us-west-1.compute.internal;60;1440073113;xvdd;0.00;0.00;0.00;0.00;0.00;0.00;0.00;0.00
ip-10-145-11-135.us-west-1.compute.internal;60;1440073113;xvde;0.00;0.00;0.00;0.00;0.00;0.00;0.00;0.00
ip-10-145-11-135.us-west-1.compute.internal;60;1440073113;xvdf;0.00;0.00;0.00;0.00;0.00;0.00;0.00;0.00
ip-10-145-11-135.us-west-1.compute.internal;60;1440073113;xvdg;0.00;0.00;0.00;0.00;0.00;0.00;0.00;0.00
ip-10-145-11-135.us-west-1.compute.internal;60;1440073113;xvdh;0.00;0.00;0.00;0.00;0.00;0.00;0.00;0.00
ip-10-145-11-135.us-west-1.compute.internal;60;1440073113;xvdi;0.00;0.00;0.00;0.00;0.00;0.00;0.00;0.00
ip-10-145-11-135.us-west-1.compute.internal;60;1440073173;xvda;11209.35;7827.33;430807.23;39.13;91.10;8.13;0.07;79.60
ip-10-145-11-135.us-west-1.compute.internal;60;1440073173;xvdb;0.00;0.00;0.00;0.00;0.00;0.00;0.00;0.00
ip-10-145-11-135.us-west-1.compute.internal;60;1440073173;xvdc;0.00;0.00;0.00;0.00;0.00;0.00;0.00;0.00
ip-10-145-11-135.us-west-1.compute.internal;60;1440073173;xvdd;0.00;0.00;0.00;0.00;0.00;0.00;0.00;0.00
ip-10-145-11-135.us-west-1.compute.internal;60;1440073173;xvde;0.00;0.00;0.00;0.00;0.00;0.00;0.00;0.00
ip-10-145-11-135.us-west-1.compute.internal;60;1440073173;xvdf;0.00;0.00;0.00;0.00;0.00;0.00;0.00;0.00
ip-10-145-11-135.us-west-1.compute.internal;60;1440073173;xvdg;0.00;0.00;0.00;0.00;0.00;0.00;0.00;0.00
ip-10-145-11-135.us-west-1.compute.internal;60;1440073173;xvdh;0.00;0.00;0.00;0.00;0.00;0.00;0.00;0.00
ip-10-145-11-135.us-west-1.compute.internal;60;1440073173;xvdi;0.00;0.00;0.00;0.00;0.00;0.00;0.00;0.00
ip-10-145-11-135.us-west-1.compute.internal;60;1440073233;xvda;572.55;95689.07;28104.20;216.21;4.49;7.85;0.69;39.48
ip-10-145-11-135.us-west-1.compute.internal;60;1440073233;xvdb;0.00;0.00;0.00;0.00;0.00;0.00;0.00;0.00
ip-10-145-11-135.us-west-1.compute.internal;60;1440073233;xvdc;0.00;0.00;0.00;0.00;0.00;0.00;0.00;0.00
ip-10-145-11-135.us-west-1.compute.internal;60;1440073233;xvdd;0.00;0.00;0.00;0.00;0.00;0.00;0.00;0.00
ip-10-145-11-135.us-west-1.compute.internal;60;1440073233;xvde;0.00;0.00;0.00;0.00;0.00;0.00;0.00;0.00
ip-10-145-11-135.us-west-1.compute.internal;60;1440073233;xvdf;0.00;0.00;0.00;0.00;0.00;0.00;0.00;0.00
ip-10-145-11-135.us-west-1.compute.internal;60;1440073233;xvdg;0.00;0.00;0.00;0.00;0.00;0.00;0.00;0.00
ip-10-145-11-135.us-west-1.compute.internal;60;1440073233;xvdh;0.00;0.00;0.00;0.00;0.00;0.00;0.00;0.00
ip-10-145-11-135.us-west-1.compute.internal;60;1440073233;xvdi;0.00;0.00;0.00;0.00;0.00;0.00;0.00;0.00
ip-10-145-11-135.us-west-1.compute.internal;60;1440073293;xvda;2059.13;307439.20;40837.12;169.14;12.47;6.06;0.32;65.27
ip-10-145-11-135.us-west-1.compute.internal;60;1440073293;xvdb;0.00;0.00;0.00;0.00;0.00;0.00;0.00;0.00
ip-10-145-11-135.us-west-1.compute.internal;60;1440073293;xvdc;0.00;0.00;0.00;0.00;0.00;0.00;0.00;0.00
ip-10-145-11-135.us-west-1.compute.internal;60;1440073293;xvdd;0.00;0.00;0.00;0.00;0.00;0.00;0.00;0.00
ip-10-145-11-135.us-west-1.compute.internal;60;1440073293;xvde;0.00;0.00;0.00;0.00;0.00;0.00;0.00;0.00
ip-10-145-11-135.us-west-1.compute.internal;60;1440073293;xvdf;0.00;0.00;0.00;0.00;0.00;0.00;0.00;0.00
ip-10-145-11-135.us-west-1.compute.internal;60;1440073293;xvdg;0.00;0.00;0.00;0.00;0.00;0.00;0.00;0.00
ip-10-145-11-135.us-west-1.compute.internal;60;1440073293;xvdh;0.00;0.00;0.00;0.00;0.00;0.00;0.00;0.00
ip-10-145-11-135.us-west-1.compute.internal;60;1440073293;xvdi;0.00;0.00;0.00;0.00;0.00;0.00;0.00;0.00
ip-10-145-11-135.us-west-1.compute.internal;60;1440073353;xvda;308.90;12566.67;64348.05;249.00;10.86;35.16;0.48;14.85
ip-10-145-11-135.us-west-1.compute.internal;60;1440073353;xvdb;0.00;0.00;0.00;0.00;0.00;0.00;0.00;0.00
ip-10-145-11-135.us-west-1.compute.internal;60;1440073353;xvdc;0.00;0.00;0.00;0.00;0.00;0.00;0.00;0.00
ip-10-145-11-135.us-west-1.compute.internal;60;1440073353;xvdd;0.00;0.00;0.00;0.00;0.00;0.00;0.00;0.00
ip-10-145-11-135.us-west-1.compute.internal;60;1440073353;xvde;0.00;0.00;0.00;0.00;0.00;0.00;0.00;0.00
ip-10-145-11-135.us-west-1.compute.internal;60;1440073353;xvdf;0.00;0.00;0.00;0.00;0.00;0.00;0.00;0.00
ip-10-145-11-135.us-west-1.compute.internal;60;1440073353;xvdg;0.00;0.00;0.00;0.00;0.00;0.00;0.00;0.00
ip-10-145-11-135.us-west-1.compute.internal;60;1440073353;xvdh;0.00;0.00;0.00;0.00;0.00;0.00;0.00;0.00
ip-10-145-11-135.us-west-1.compute.internal;60;1440073353;xvdi;0.00;0.00;0.00;0.00;0.00;0.00;0.00;0.00
ip-10-145-11-135.us-west-1.compute.internal;60;1440073413;xvda;888.77;24468.13;15.17;27.55;0.72;0.81;0.77;68.44
ip-10-145-11-135.us-west-1.compute.internal;60;1440073413;xvdb;0.00;0.00;0.00;0.00;0.00;0.00;0.00;0.00
ip-10-145-11-135.us-west-1.compute.internal;60;1440073413;xvdc;0.00;0.00;0.00;0.00;0.00;0.00;0.00;0.00
ip-10-145-11-135.us-west-1.compute.internal;60;1440073413;xvdd;0.00;0.00;0.00;0.00;0.00;0.00;0.00;0.00
ip-10-145-11-135.us-west-1.compute.internal;60;1440073413;xvde;0.00;0.00;0.00;0.00;0.00;0.00;0.00;0.00
ip-10-145-11-135.us-west-1.compute.internal;60;1440073413;xvdf;0.00;0.00;0.00;0.00;0.00;0.00;0.00;0.00
ip-10-145-11-135.us-west-1.compute.internal;60;1440073413;xvdg;0.00;0.00;0.00;0.00;0.00;0.00;0.00;0.00
ip-10-145-11-135.us-west-1.compute.internal;60;1440073413;xvdh;0.00;0.00;0.00;0.00;0.00;0.00;0.00;0.00
ip-10-145-11-135.us-west-1.compute.internal;60;1440073413;xvdi;0.00;0.00;0.00;0.00;0.00;0.00;0.00;0.00
ip-10-145-11-135.us-west-1.compute.internal;60;1440073473;xvda;1354.50;44602.00;8.20;32.93;1.14;0.84;0.68;92.71
ip-10-145-11-135.us-west-1.compute.internal;60;1440073473;xvdb;0.00;0.00;0.00;0.00;0.00;0.00;0.00;0.00
ip-10-145-11-135.us-west-1.compute.internal;60;1440073473;xvdc;0.00;0.00;0.00;0.00;0.00;0.00;0.00;0.00
ip-10-145-11-135.us-west-1.compute.internal;60;1440073473;xvdd;0.00;0.00;0.00;0.00;0.00;0.00;0.00;0.00
ip-10-145-11-135.us-west-1.compute.internal;60;1440073473;xvde;0.00;0.00;0.00;0.00;0.00;0.00;0.00;0.00
ip-10-145-11-135.us-west-1.compute.internal;60;1440073473;xvdf;0.00;0.00;0.00;0.00;0.00;0.00;0.00;0.00
ip-10-145-11-135.us-west-1.compute.internal;60;1440073473;xvdg;0.00;0.00;0.00;0.00;0.00;0.00;0.00;0.00
ip-10-145-11-135.us-west-1.compute.internal;60;1440073473;xvdh;0.00;0.00;0.00;0.00;0.00;0.00;0.00;0.00
ip-10-145-11-135.us-west-1.compute.internal;60;1440073473;xvdi;0.00;0.00;0.00;0.00;0.00;0.00;0.00;0.00
ip-10-145-11-135.us-west-1.compute.internal;60;1440073533;xvda;1630.68;59708.80;219.40;36.75;1.51;0.92;0.56;90.68
ip-10-145-11-135.us-west-1.compute.internal;60;1440073533;xvdb;0.00;0.00;0.00;0.00;0.00;0.00;0.00;0.00
ip-10-145-11-135.us-west-1.compute.internal;60;1440073533;xvdc;0.00;0.00;0.00;0.00;0.00;0.00;0.00;0.00
ip-10-145-11-135.us-west-1.compute.internal;60;1440073533;xvdd;0.00;0.00;0.00;0.00;0.00;0.00;0.00;0.00
ip-10-145-11-135.us-west-1.compute.internal;60;1440073533;xvde;0.00;0.00;0.00;0.00;0.00;0.00;0.00;0.00
ip-10-145-11-135.us-west-1.compute.internal;60;1440073533;xvdf;0.00;0.00;0.00;0.00;0.00;0.00;0.00;0.00
ip-10-145-11-135.us-west-1.compute.internal;60;1440073533;xvdg;0.00;0.00;0.00;0.00;0.00;0.00;0.00;0.00
ip-10-145-11-135.us-west-1.compute.internal;60;1440073533;xvdh;0.00;0.00;0.00;0.00;0.00;0.00;0.00;0.00
ip-10-145-11-135.us-west-1.compute.internal;60;1440073533;xvdi;0.00;0.00;0.00;0.00;0.00;0.00;0.00;0.00
ip-10-145-11-135.us-west-1.compute.internal;60;1440073593;xvda;1872.52;63346.40;229.47;33.95;1.76;0.94;0.44;82.67
ip-10-145-11-135.us-west-1.compute.internal;60;1440073593;xvdb;0.00;0.00;0.00;0.00;0.00;0.00;0.00;0.00
ip-10-145-11-135.us-west-1.compute.internal;60;1440073593;xvdc;0.00;0.00;0.00;0.00;0.00;0.00;0.00;0.00
ip-10-145-11-135.us-west-1.compute.internal;60;1440073593;xvdd;0.00;0.00;0.00;0.00;0.00;0.00;0.00;0.00
ip-10-145-11-135.us-west-1.compute.internal;60;1440073593;xvde;0.00;0.00;0.00;0.00;0.00;0.00;0.00;0.00
ip-10-145-11-135.us-west-1.compute.internal;60;1440073593;xvdf;0.00;0.00;0.00;0.00;0.00;0.00;0.00;0.00
ip-10-145-11-135.us-west-1.compute.internal;60;1440073593;xvdg;0.00;0.00;0.00;0.00;0.00;0.00;0.00;0.00
ip-10-145-11-135.us-west-1.compute.internal;60;1440073593;xvdh;0.00;0.00;0.00;0.00;0.00;0.00;0.00;0.00
ip-10-145-11-135.us-west-1.compute.internal;60;1440073593;xvdi;0.00;0.00;0.00;0.00;0.00;0.00;0.00;0.00
ip-10-145-11-135.us-west-1.compute.internal;60;1440073653;xvda;2104.70;57192.40;239.03;27.29;1.94;0.92;0.34;71.41
ip-10-145-11-135.us-west-1.compute.internal;60;1440073653;xvdb;0.00;0.00;0.00;0.00;0.00;0.00;0.00;0.00
ip-10-145-11-135.us-west-1.compute.internal;60;1440073653;xvdc;0.00;0.00;0.00;0.00;0.00;0.00;0.00;0.00
ip-10-145-11-135.us-west-1.compute.internal;60;1440073653;xvdd;0.00;0.00;0.00;0.00;0.00;0.00;0.00;0.00
ip-10-145-11-135.us-west-1.compute.internal;60;1440073653;xvde;0.00;0.00;0.00;0.00;0.00;0.00;0.00;0.00
ip-10-145-11-135.us-west-1.compute.internal;60;1440073653;xvdf;0.00;0.00;0.00;0.00;0.00;0.00;0.00;0.00
ip-10-145-11-135.us-west-1.compute.internal;60;1440073653;xvdg;0.00;0.00;0.00;0.00;0.00;0.00;0.00;0.00
ip-10-145-11-135.us-west-1.compute.internal;60;1440073653;xvdh;0.00;0.00;0.00;0.00;0.00;0.00;0.00;0.00
ip-10-145-11-135.us-west-1.compute.internal;60;1440073653;xvdi;0.00;0.00;0.00;0.00;0.00;0.00;0.00;0.00
ip-10-145-11-135.us-west-1.compute.internal;60;1440073713;xvda;1876.80;43070.00;508.05;23.22;1.75;0.93;0.31;58.45
ip-10-145-11-135.us-west-1.compute.internal;60;1440073713;xvdb;0.00;0.00;0.00;0.00;0.00;0.00;0.00;0.00
ip-10-145-11-135.us-west-1.compute.internal;60;1440073713;xvdc;0.00;0.00;0.00;0.00;0.00;0.00;0.00;0.00
ip-10-145-11-135.us-west-1.compute.internal;60;1440073713;xvdd;0.00;0.00;0.00;0.00;0.00;0.00;0.00;0.00
ip-10-145-11-135.us-west-1.compute.internal;60;1440073713;xvde;0.00;0.00;0.00;0.00;0.00;0.00;0.00;0.00
ip-10-145-11-135.us-west-1.compute.internal;60;1440073713;xvdf;0.00;0.00;0.00;0.00;0.00;0.00;0.00;0.00
ip-10-145-11-135.us-west-1.compute.internal;60;1440073713;xvdg;0.00;0.00;0.00;0.00;0.00;0.00;0.00;0.00
ip-10-145-11-135.us-west-1.compute.internal;60;1440073713;xvdh;0.00;0.00;0.00;0.00;0.00;0.00;0.00;0.00
ip-10-145-11-135.us-west-1.compute.internal;60;1440073713;xvdi;0.00;0.00;0.00;0.00;0.00;0.00;0.00;0.00
ip-10-145-11-135.us-west-1.compute.internal;60;1440073773;xvda;535.97;9652.13;4699.07;26.78;0.77;1.43;0.41;21.84
ip-10-145-11-135.us-west-1.compute.internal;60;1440073773;xvdb;0.00;0.00;0.00;0.00;0.00;0.00;0.00;0.00
ip-10-145-11-135.us-west-1.compute.internal;60;1440073773;xvdc;0.00;0.00;0.00;0.00;0.00;0.00;0.00;0.00
ip-10-145-11-135.us-west-1.compute.internal;60;1440073773;xvdd;0.00;0.00;0.00;0.00;0.00;0.00;0.00;0.00
ip-10-145-11-135.us-west-1.compute.internal;60;1440073773;xvde;0.00;0.00;0.00;0.00;0.00;0.00;0.00;0.00
ip-10-145-11-135.us-west-1.compute.internal;60;1440073773;xvdf;0.00;0.00;0.00;0.00;0.00;0.00;0.00;0.00
ip-10-145-11-135.us-west-1.compute.internal;60;1440073773;xvdg;0.00;0.00;0.00;0.00;0.00;0.00;0.00;0.00
ip-10-145-11-135.us-west-1.compute.internal;60;1440073773;xvdh;0.00;0.00;0.00;0.00;0.00;0.00;0.00;0.00
ip-10-145-11-135.us-west-1.compute.internal;60;1440073773;xvdi;0.00;0.00;0.00;0.00;0.00;0.00;0.00;0.00
ip-10-145-11-135.us-west-1.compute.internal;60;1440073833;xvda;175.40;2060.13;4792.77;39.07;0.49;2.77;0.42;7.35
ip-10-145-11-135.us-west-1.compute.internal;60;1440073833;xvdb;0.00;0.00;0.00;0.00;0.00;0.00;0.00;0.00
ip-10-145-11-135.us-west-1.compute.internal;60;1440073833;xvdc;0.00;0.00;0.00;0.00;0.00;0.00;0.00;0.00
ip-10-145-11-135.us-west-1.compute.internal;60;1440073833;xvdd;0.00;0.00;0.00;0.00;0.00;0.00;0.00;0.00
ip-10-145-11-135.us-west-1.compute.internal;60;1440073833;xvde;0.00;0.00;0.00;0.00;0.00;0.00;0.00;0.00
ip-10-145-11-135.us-west-1.compute.internal;60;1440073833;xvdf;0.00;0.00;0.00;0.00;0.00;0.00;0.00;0.00
ip-10-145-11-135.us-west-1.compute.internal;60;1440073833;xvdg;0.00;0.00;0.00;0.00;0.00;0.00;0.00;0.00
ip-10-145-11-135.us-west-1.compute.internal;60;1440073833;xvdh;0.00;0.00;0.00;0.00;0.00;0.00;0.00;0.00
ip-10-145-11-135.us-west-1.compute.internal;60;1440073833;xvdi;0.00;0.00;0.00;0.00;0.00;0.00;0.00;0.00
ip-10-145-11-135.us-west-1.compute.internal;60;1440073893;xvda;94.42;562.80;4958.92;58.48;0.42;4.49;0.31;2.93
ip-10-145-11-135.us-west-1.compute.internal;60;1440073893;xvdb;0.00;0.00;0.00;0.00;0.00;0.00;0.00;0.00
ip-10-145-11-135.us-west-1.compute.internal;60;1440073893;xvdc;0.00;0.00;0.00;0.00;0.00;0.00;0.00;0.00
ip-10-145-11-135.us-west-1.compute.internal;60;1440073893;xvdd;0.00;0.00;0.00;0.00;0.00;0.00;0.00;0.00
ip-10-145-11-135.us-west-1.compute.internal;60;1440073893;xvde;0.00;0.00;0.00;0.00;0.00;0.00;0.00;0.00
ip-10-145-11-135.us-west-1.compute.internal;60;1440073893;xvdf;0.00;0.00;0.00;0.00;0.00;0.00;0.00;0.00
ip-10-145-11-135.us-west-1.compute.internal;60;1440073893;xvdg;0.00;0.00;0.00;0.00;0.00;0.00;0.00;0.00
ip-10-145-11-135.us-west-1.compute.internal;60;1440073893;xvdh;0.00;0.00;0.00;0.00;0.00;0.00;0.00;0.00
ip-10-145-11-135.us-west-1.compute.internal;60;1440073893;xvdi;0.00;0.00;0.00;0.00;0.00;0.00;0.00;0.00
ip-10-145-11-135.us-west-1.compute.internal;60;1440073953;xvda;72.97;199.73;4938.95;70.43;0.42;5.78;0.20;1.48
ip-10-145-11-135.us-west-1.compute.internal;60;1440073953;xvdb;0.00;0.00;0.00;0.00;0.00;0.00;0.00;0.00
ip-10-145-11-135.us-west-1.compute.internal;60;1440073953;xvdc;0.00;0.00;0.00;0.00;0.00;0.00;0.00;0.00
ip-10-145-11-135.us-west-1.compute.internal;60;1440073953;xvdd;0.00;0.00;0.00;0.00;0.00;0.00;0.00;0.00
ip-10-145-11-135.us-west-1.compute.internal;60;1440073953;xvde;0.00;0.00;0.00;0.00;0.00;0.00;0.00;0.00
ip-10-145-11-135.us-west-1.compute.internal;60;1440073953;xvdf;0.00;0.00;0.00;0.00;0.00;0.00;0.00;0.00
ip-10-145-11-135.us-west-1.compute.internal;60;1440073953;xvdg;0.00;0.00;0.00;0.00;0.00;0.00;0.00;0.00
ip-10-145-11-135.us-west-1.compute.internal;60;1440073953;xvdh;0.00;0.00;0.00;0.00;0.00;0.00;0.00;0.00
ip-10-145-11-135.us-west-1.compute.internal;60;1440073953;xvdi;0.00;0.00;0.00;0.00;0.00;0.00;0.00;0.00
ip-10-145-11-135.us-west-1.compute.internal;60;1440074013;xvda;59.17;86.40;4884.78;84.02;0.38;6.43;0.14;0.81
ip-10-145-11-135.us-west-1.compute.internal;60;1440074013;xvdb;0.00;0.00;0.00;0.00;0.00;0.00;0.00;0.00
ip-10-145-11-135.us-west-1.compute.internal;60;1440074013;xvdc;0.00;0.00;0.00;0.00;0.00;0.00;0.00;0.00
ip-10-145-11-135.us-west-1.compute.internal;60;1440074013;xvdd;0.00;0.00;0.00;0.00;0.00;0.00;0.00;0.00
ip-10-145-11-135.us-west-1.compute.internal;60;1440074013;xvde;0.00;0.00;0.00;0.00;0.00;0.00;0.00;0.00
ip-10-145-11-135.us-west-1.compute.internal;60;1440074013;xvdf;0.00;0.00;0.00;0.00;0.00;0.00;0.00;0.00
ip-10-145-11-135.us-west-1.compute.internal;60;1440074013;xvdg;0.00;0.00;0.00;0.00;0.00;0.00;0.00;0.00
ip-10-145-11-135.us-west-1.compute.internal;60;1440074013;xvdh;0.00;0.00;0.00;0.00;0.00;0.00;0.00;0.00
ip-10-145-11-135.us-west-1.compute.internal;60;1440074013;xvdi;0.00;0.00;0.00;0.00;0.00;0.00;0.00;0.00
ip-10-145-11-135.us-west-1.compute.internal;60;1440074073;xvda;67.63;38.53;5140.07;76.57;0.42;6.24;0.09;0.59
ip-10-145-11-135.us-west-1.compute.internal;60;1440074073;xvdb;0.00;0.00;0.00;0.00;0.00;0.00;0.00;0.00
ip-10-145-11-135.us-west-1.compute.internal;60;1440074073;xvdc;0.00;0.00;0.00;0.00;0.00;0.00;0.00;0.00
ip-10-145-11-135.us-west-1.compute.internal;60;1440074073;xvdd;0.00;0.00;0.00;0.00;0.00;0.00;0.00;0.00
ip-10-145-11-135.us-west-1.compute.internal;60;1440074073;xvde;0.00;0.00;0.00;0.00;0.00;0.00;0.00;0.00
ip-10-145-11-135.us-west-1.compute.internal;60;1440074073;xvdf;0.00;0.00;0.00;0.00;0.00;0.00;0.00;0.00
ip-10-145-11-135.us-west-1.compute.internal;60;1440074073;xvdg;0.00;0.00;0.00;0.00;0.00;0.00;0.00;0.00
ip-10-145-11-135.us-west-1.compute.internal;60;1440074073;xvdh;0.00;0.00;0.00;0.00;0.00;0.00;0.00;0.00
ip-10-145-11-135.us-west-1.compute.internal;60;1440074073;xvdi;0.00;0.00;0.00;0.00;0.00;0.00;0.00;0.00
ip-10-145-11-135.us-west-1.compute.internal;60;1440074133;xvda;63.98;17.87;5008.30;78.55;0.42;6.54;0.07;0.45
ip-10-145-11-135.us-west-1.compute.internal;60;1440074133;xvdb;0.00;0.00;0.00;0.00;0.00;0.00;0.00;0.00
ip-10-145-11-135.us-west-1.compute.internal;60;1440074133;xvdc;0.00;0.00;0.00;0.00;0.00;0.00;0.00;0.00
ip-10-145-11-135.us-west-1.compute.internal;60;1440074133;xvdd;0.00;0.00;0.00;0.00;0.00;0.00;0.00;0.00
ip-10-145-11-135.us-west-1.compute.internal;60;1440074133;xvde;0.00;0.00;0.00;0.00;0.00;0.00;0.00;0.00
ip-10-145-11-135.us-west-1.compute.internal;60;1440074133;xvdf;0.00;0.00;0.00;0.00;0.00;0.00;0.00;0.00
ip-10-145-11-135.us-west-1.compute.internal;60;1440074133;xvdg;0.00;0.00;0.00;0.00;0.00;0.00;0.00;0.00
ip-10-145-11-135.us-west-1.compute.internal;60;1440074133;xvdh;0.00;0.00;0.00;0.00;0.00;0.00;0.00;0.00
ip-10-145-11-135.us-west-1.compute.internal;60;1440074133;xvdi;0.00;0.00;0.00;0.00;0.00;0.00;0.00;0.00
ip-10-145-11-135.us-west-1.compute.internal;60;1440074193;xvda;51.17;7.87;4874.55;95.42;0.36;7.10;0.07;0.35
ip-10-145-11-135.us-west-1.compute.internal;60;1440074193;xvdb;0.00;0.00;0.00;0.00;0.00;0.00;0.00;0.00
ip-10-145-11-135.us-west-1.compute.internal;60;1440074193;xvdc;0.00;0.00;0.00;0.00;0.00;0.00;0.00;0.00
ip-10-145-11-135.us-west-1.compute.internal;60;1440074193;xvdd;0.00;0.00;0.00;0.00;0.00;0.00;0.00;0.00
ip-10-145-11-135.us-west-1.compute.internal;60;1440074193;xvde;0.00;0.00;0.00;0.00;0.00;0.00;0.00;0.00
ip-10-145-11-135.us-west-1.compute.internal;60;1440074193;xvdf;0.00;0.00;0.00;0.00;0.00;0.00;0.00;0.00
ip-10-145-11-135.us-west-1.compute.internal;60;1440074193;xvdg;0.00;0.00;0.00;0.00;0.00;0.00;0.00;0.00
ip-10-145-11-135.us-west-1.compute.internal;60;1440074193;xvdh;0.00;0.00;0.00;0.00;0.00;0.00;0.00;0.00
ip-10-145-11-135.us-west-1.compute.internal;60;1440074193;xvdi;0.00;0.00;0.00;0.00;0.00;0.00;0.00;0.00
ip-10-145-11-135.us-west-1.compute.internal;60;1440074253;xvda;56.57;2.93;3239.98;57.33;0.32;5.60;0.05;0.29
ip-10-145-11-135.us-west-1.compute.internal;60;1440074253;xvdb;0.00;0.00;0.00;0.00;0.00;0.00;0.00;0.00
ip-10-145-11-135.us-west-1.compute.internal;60;1440074253;xvdc;0.00;0.00;0.00;0.00;0.00;0.00;0.00;0.00
ip-10-145-11-135.us-west-1.compute.internal;60;1440074253;xvdd;0.00;0.00;0.00;0.00;0.00;0.00;0.00;0.00
ip-10-145-11-135.us-west-1.compute.internal;60;1440074253;xvde;0.00;0.00;0.00;0.00;0.00;0.00;0.00;0.00
ip-10-145-11-135.us-west-1.compute.internal;60;1440074253;xvdf;0.00;0.00;0.00;0.00;0.00;0.00;0.00;0.00
ip-10-145-11-135.us-west-1.compute.internal;60;1440074253;xvdg;0.00;0.00;0.00;0.00;0.00;0.00;0.00;0.00
ip-10-145-11-135.us-west-1.compute.internal;60;1440074253;xvdh;0.00;0.00;0.00;0.00;0.00;0.00;0.00;0.00
ip-10-145-11-135.us-west-1.compute.internal;60;1440074253;xvdi;0.00;0.00;0.00;0.00;0.00;0.00;0.00;0.00
ip-10-145-11-135.us-west-1.compute.internal;60;1440074313;xvda;60.12;1.47;5070.87;84.37;0.42;6.98;0.06;0.34
ip-10-145-11-135.us-west-1.compute.internal;60;1440074313;xvdb;0.00;0.00;0.00;0.00;0.00;0.00;0.00;0.00
ip-10-145-11-135.us-west-1.compute.internal;60;1440074313;xvdc;0.00;0.00;0.00;0.00;0.00;0.00;0.00;0.00
ip-10-145-11-135.us-west-1.compute.internal;60;1440074313;xvdd;0.00;0.00;0.00;0.00;0.00;0.00;0.00;0.00
ip-10-145-11-135.us-west-1.compute.internal;60;1440074313;xvde;0.00;0.00;0.00;0.00;0.00;0.00;0.00;0.00
ip-10-145-11-135.us-west-1.compute.internal;60;1440074313;xvdf;0.00;0.00;0.00;0.00;0.00;0.00;0.00;0.00
ip-10-145-11-135.us-west-1.compute.internal;60;1440074313;xvdg;0.00;0.00;0.00;0.00;0.00;0.00;0.00;0.00
ip-10-145-11-135.us-west-1.compute.internal;60;1440074313;xvdh;0.00;0.00;0.00;0.00;0.00;0.00;0.00;0.00
ip-10-145-11-135.us-west-1.compute.internal;60;1440074313;xvdi;0.00;0.00;0.00;0.00;0.00;0.00;0.00;0.00
ip-10-145-11-135.us-west-1.compute.internal;60;1440074373;xvda;63.53;1.33;5054.70;79.58;0.40;6.34;0.06;0.36
ip-10-145-11-135.us-west-1.compute.internal;60;1440074373;xvdb;0.00;0.00;0.00;0.00;0.00;0.00;0.00;0.00
ip-10-145-11-135.us-west-1.compute.internal;60;1440074373;xvdc;0.00;0.00;0.00;0.00;0.00;0.00;0.00;0.00
ip-10-145-11-135.us-west-1.compute.internal;60;1440074373;xvdd;0.00;0.00;0.00;0.00;0.00;0.00;0.00;0.00
ip-10-145-11-135.us-west-1.compute.internal;60;1440074373;xvde;0.00;0.00;0.00;0.00;0.00;0.00;0.00;0.00
ip-10-145-11-135.us-west-1.compute.internal;60;1440074373;xvdf;0.00;0.00;0.00;0.00;0.00;0.00;0.00;0.00
ip-10-145-11-135.us-west-1.compute.internal;60;1440074373;xvdg;0.00;0.00;0.00;0.00;0.00;0.00;0.00;0.00
ip-10-145-11-135.us-west-1.compute.internal;60;1440074373;xvdh;0.00;0.00;0.00;0.00;0.00;0.00;0.00;0.00
ip-10-145-11-135.us-west-1.compute.internal;60;1440074373;xvdi;0.00;0.00;0.00;0.00;0.00;0.00;0.00;0.00
ip-10-145-11-135.us-west-1.compute.internal;60;1440074433;xvda;55.38;0.53;4962.98;89.62;0.37;6.67;0.06;0.32
ip-10-145-11-135.us-west-1.compute.internal;60;1440074433;xvdb;0.00;0.00;0.00;0.00;0.00;0.00;0.00;0.00
ip-10-145-11-135.us-west-1.compute.internal;60;1440074433;xvdc;0.00;0.00;0.00;0.00;0.00;0.00;0.00;0.00
ip-10-145-11-135.us-west-1.compute.internal;60;1440074433;xvdd;0.00;0.00;0.00;0.00;0.00;0.00;0.00;0.00
ip-10-145-11-135.us-west-1.compute.internal;60;1440074433;xvde;0.00;0.00;0.00;0.00;0.00;0.00;0.00;0.00
ip-10-145-11-135.us-west-1.compute.internal;60;1440074433;xvdf;0.00;0.00;0.00;0.00;0.00;0.00;0.00;0.00
ip-10-145-11-135.us-west-1.compute.internal;60;1440074433;xvdg;0.00;0.00;0.00;0.00;0.00;0.00;0.00;0.00
ip-10-145-11-135.us-west-1.compute.internal;60;1440074433;xvdh;0.00;0.00;0.00;0.00;0.00;0.00;0.00;0.00
ip-10-145-11-135.us-west-1.compute.internal;60;1440074433;xvdi;0.00;0.00;0.00;0.00;0.00;0.00;0.00;0.00
ip-10-145-11-135.us-west-1.compute.internal;60;1440074493;xvda;62.27;1.33;4956.25;79.62;0.43;6.87;0.06;0.38
ip-10-145-11-135.us-west-1.compute.internal;60;1440074493;xvdb;0.00;0.00;0.00;0.00;0.00;0.00;0.00;0.00
ip-10-145-11-135.us-west-1.compute.internal;60;1440074493;xvdc;0.00;0.00;0.00;0.00;0.00;0.00;0.00;0.00
ip-10-145-11-135.us-west-1.compute.internal;60;1440074493;xvdd;0.00;0.00;0.00;0.00;0.00;0.00;0.00;0.00
ip-10-145-11-135.us-west-1.compute.internal;60;1440074493;xvde;0.00;0.00;0.00;0.00;0.00;0.00;0.00;0.00
ip-10-145-11-135.us-west-1.compute.internal;60;1440074493;xvdf;0.00;0.00;0.00;0.00;0.00;0.00;0.00;0.00
ip-10-145-11-135.us-west-1.compute.internal;60;1440074493;xvdg;0.00;0.00;0.00;0.00;0.00;0.00;0.00;0.00
ip-10-145-11-135.us-west-1.compute.internal;60;1440074493;xvdh;0.00;0.00;0.00;0.00;0.00;0.00;0.00;0.00
ip-10-145-11-135.us-west-1.compute.internal;60;1440074493;xvdi;0.00;0.00;0.00;0.00;0.00;0.00;0.00;0.00
ip-10-145-11-135.us-west-1.compute.internal;60;1440074553;xvda;60.77;1.07;4996.07;82.23;0.40;6.55;0.06;0.34
ip-10-145-11-135.us-west-1.compute.internal;60;1440074553;xvdb;0.00;0.00;0.00;0.00;0.00;0.00;0.00;0.00
ip-10-145-11-135.us-west-1.compute.internal;60;1440074553;xvdc;0.00;0.00;0.00;0.00;0.00;0.00;0.00;0.00
ip-10-145-11-135.us-west-1.compute.internal;60;1440074553;xvdd;0.00;0.00;0.00;0.00;0.00;0.00;0.00;0.00
ip-10-145-11-135.us-west-1.compute.internal;60;1440074553;xvde;0.00;0.00;0.00;0.00;0.00;0.00;0.00;0.00
ip-10-145-11-135.us-west-1.compute.internal;60;1440074553;xvdf;0.00;0.00;0.00;0.00;0.00;0.00;0.00;0.00
ip-10-145-11-135.us-west-1.compute.internal;60;1440074553;xvdg;0.00;0.00;0.00;0.00;0.00;0.00;0.00;0.00
ip-10-145-11-135.us-west-1.compute.internal;60;1440074553;xvdh;0.00;0.00;0.00;0.00;0.00;0.00;0.00;0.00
ip-10-145-11-135.us-west-1.compute.internal;60;1440074553;xvdi;0.00;0.00;0.00;0.00;0.00;0.00;0.00;0.00
ip-10-145-11-135.us-west-1.compute.internal;60;1440074613;xvda;64.10;1.07;5156.73;80.46;0.41;6.47;0.06;0.36
ip-10-145-11-135.us-west-1.compute.internal;60;1440074613;xvdb;0.00;0.00;0.00;0.00;0.00;0.00;0.00;0.00
ip-10-145-11-135.us-west-1.compute.internal;60;1440074613;xvdc;0.00;0.00;0.00;0.00;0.00;0.00;0.00;0.00
ip-10-145-11-135.us-west-1.compute.internal;60;1440074613;xvdd;0.00;0.00;0.00;0.00;0.00;0.00;0.00;0.00
ip-10-145-11-135.us-west-1.compute.internal;60;1440074613;xvde;0.00;0.00;0.00;0.00;0.00;0.00;0.00;0.00
ip-10-145-11-135.us-west-1.compute.internal;60;1440074613;xvdf;0.00;0.00;0.00;0.00;0.00;0.00;0.00;0.00
ip-10-145-11-135.us-west-1.compute.internal;60;1440074613;xvdg;0.00;0.00;0.00;0.00;0.00;0.00;0.00;0.00
ip-10-145-11-135.us-west-1.compute.internal;60;1440074613;xvdh;0.00;0.00;0.00;0.00;0.00;0.00;0.00;0.00
ip-10-145-11-135.us-west-1.compute.internal;60;1440074613;xvdi;0.00;0.00;0.00;0.00;0.00;0.00;0.00;0.00
ip-10-145-11-135.us-west-1.compute.internal;60;1440074673;xvda;46.67;0.00;4880.05;104.57;0.34;7.33;0.06;0.29
ip-10-145-11-135.us-west-1.compute.internal;60;1440074673;xvdb;0.00;0.00;0.00;0.00;0.00;0.00;0.00;0.00
ip-10-145-11-135.us-west-1.compute.internal;60;1440074673;xvdc;0.00;0.00;0.00;0.00;0.00;0.00;0.00;0.00
ip-10-145-11-135.us-west-1.compute.internal;60;1440074673;xvdd;0.00;0.00;0.00;0.00;0.00;0.00;0.00;0.00
ip-10-145-11-135.us-west-1.compute.internal;60;1440074673;xvde;0.00;0.00;0.00;0.00;0.00;0.00;0.00;0.00
ip-10-145-11-135.us-west-1.compute.internal;60;1440074673;xvdf;0.00;0.00;0.00;0.00;0.00;0.00;0.00;0.00
ip-10-145-11-135.us-west-1.compute.internal;60;1440074673;xvdg;0.00;0.00;0.00;0.00;0.00;0.00;0.00;0.00
ip-10-145-11-135.us-west-1.compute.internal;60;1440074673;xvdh;0.00;0.00;0.00;0.00;0.00;0.00;0.00;0.00
ip-10-145-11-135.us-west-1.compute.internal;60;1440074673;xvdi;0.00;0.00;0.00;0.00;0.00;0.00;0.00;0.00
ip-10-145-11-135.us-west-1.compute.internal;60;1440074733;xvda;29.72;336.13;5954.45;211.69;0.34;11.37;0.18;0.53
ip-10-145-11-135.us-west-1.compute.internal;60;1440074733;xvdb;0.00;0.00;0.00;0.00;0.00;0.00;0.00;0.00
ip-10-145-11-135.us-west-1.compute.internal;60;1440074733;xvdc;0.00;0.00;0.00;0.00;0.00;0.00;0.00;0.00
ip-10-145-11-135.us-west-1.compute.internal;60;1440074733;xvdd;0.00;0.00;0.00;0.00;0.00;0.00;0.00;0.00
ip-10-145-11-135.us-west-1.compute.internal;60;1440074733;xvde;0.00;0.00;0.00;0.00;0.00;0.00;0.00;0.00
ip-10-145-11-135.us-west-1.compute.internal;60;1440074733;xvdf;0.00;0.00;0.00;0.00;0.00;0.00;0.00;0.00
ip-10-145-11-135.us-west-1.compute.internal;60;1440074733;xvdg;0.00;0.00;0.00;0.00;0.00;0.00;0.00;0.00
ip-10-145-11-135.us-west-1.compute.internal;60;1440074733;xvdh;0.00;0.00;0.00;0.00;0.00;0.00;0.00;0.00
ip-10-145-11-135.us-west-1.compute.internal;60;1440074733;xvdi;0.00;0.00;0.00;0.00;0.00;0.00;0.00;0.00
ip-10-145-11-135.us-west-1.compute.internal;60;1440074793;xvda;85.63;573.60;2034.38;30.46;0.42;4.95;0.08;0.69
ip-10-145-11-135.us-west-1.compute.internal;60;1440074793;xvdb;0.00;0.00;0.00;0.00;0.00;0.00;0.00;0.00
ip-10-145-11-135.us-west-1.compute.internal;60;1440074793;xvdc;0.00;0.00;0.00;0.00;0.00;0.00;0.00;0.00
ip-10-145-11-135.us-west-1.compute.internal;60;1440074793;xvdd;0.00;0.00;0.00;0.00;0.00;0.00;0.00;0.00
ip-10-145-11-135.us-west-1.compute.internal;60;1440074793;xvde;0.00;0.00;0.00;0.00;0.00;0.00;0.00;0.00
ip-10-145-11-135.us-west-1.compute.internal;60;1440074793;xvdf;0.00;0.00;0.00;0.00;0.00;0.00;0.00;0.00
ip-10-145-11-135.us-west-1.compute.internal;60;1440074793;xvdg;0.00;0.00;0.00;0.00;0.00;0.00;0.00;0.00
ip-10-145-11-135.us-west-1.compute.internal;60;1440074793;xvdh;0.00;0.00;0.00;0.00;0.00;0.00;0.00;0.00
ip-10-145-11-135.us-west-1.compute.internal;60;1440074793;xvdi;0.00;0.00;0.00;0.00;0.00;0.00;0.00;0.00
ip-10-145-11-135.us-west-1.compute.internal;60;1440074853;xvda;83.22;163.20;2026.23;26.31;0.43;5.17;0.05;0.43
ip-10-145-11-135.us-west-1.compute.internal;60;1440074853;xvdb;0.00;0.00;0.00;0.00;0.00;0.00;0.00;0.00
ip-10-145-11-135.us-west-1.compute.internal;60;1440074853;xvdc;0.00;0.00;0.00;0.00;0.00;0.00;0.00;0.00
ip-10-145-11-135.us-west-1.compute.internal;60;1440074853;xvdd;0.00;0.00;0.00;0.00;0.00;0.00;0.00;0.00
ip-10-145-11-135.us-west-1.compute.internal;60;1440074853;xvde;0.00;0.00;0.00;0.00;0.00;0.00;0.00;0.00
ip-10-145-11-135.us-west-1.compute.internal;60;1440074853;xvdf;0.00;0.00;0.00;0.00;0.00;0.00;0.00;0.00
ip-10-145-11-135.us-west-1.compute.internal;60;1440074853;xvdg;0.00;0.00;0.00;0.00;0.00;0.00;0.00;0.00
ip-10-145-11-135.us-west-1.compute.internal;60;1440074853;xvdh;0.00;0.00;0.00;0.00;0.00;0.00;0.00;0.00
ip-10-145-11-135.us-west-1.compute.internal;60;1440074853;xvdi;0.00;0.00;0.00;0.00;0.00;0.00;0.00;0.00
ip-10-145-11-135.us-west-1.compute.internal;60;1440074913;xvda;85.25;0.00;2294.33;26.91;0.46;5.35;0.04;0.35
ip-10-145-11-135.us-west-1.compute.internal;60;1440074913;xvdb;0.00;0.00;0.00;0.00;0.00;0.00;0.00;0.00
ip-10-145-11-135.us-west-1.compute.internal;60;1440074913;xvdc;0.00;0.00;0.00;0.00;0.00;0.00;0.00;0.00
ip-10-145-11-135.us-west-1.compute.internal;60;1440074913;xvdd;0.00;0.00;0.00;0.00;0.00;0.00;0.00;0.00
ip-10-145-11-135.us-west-1.compute.internal;60;1440074913;xvde;0.00;0.00;0.00;0.00;0.00;0.00;0.00;0.00
ip-10-145-11-135.us-west-1.compute.internal;60;1440074913;xvdf;0.00;0.00;0.00;0.00;0.00;0.00;0.00;0.00
ip-10-145-11-135.us-west-1.compute.internal;60;1440074913;xvdg;0.00;0.00;0.00;0.00;0.00;0.00;0.00;0.00
ip-10-145-11-135.us-west-1.compute.internal;60;1440074913;xvdh;0.00;0.00;0.00;0.00;0.00;0.00;0.00;0.00
ip-10-145-11-135.us-west-1.compute.internal;60;1440074913;xvdi;0.00;0.00;0.00;0.00;0.00;0.00;0.00;0.00
ip-10-145-11-135.us-west-1.compute.internal;60;1440074973;xvda;100.53;0.00;2339.67;23.27;0.49;4.90;0.04;0.40
ip-10-145-11-135.us-west-1.compute.internal;60;1440074973;xvdb;0.00;0.00;0.00;0.00;0.00;0.00;0.00;0.00
ip-10-145-11-135.us-west-1.compute.internal;60;1440074973;xvdc;0.00;0.00;0.00;0.00;0.00;0.00;0.00;0.00
ip-10-145-11-135.us-west-1.compute.internal;60;1440074973;xvdd;0.00;0.00;0.00;0.00;0.00;0.00;0.00;0.00
ip-10-145-11-135.us-west-1.compute.internal;60;1440074973;xvde;0.00;0.00;0.00;0.00;0.00;0.00;0.00;0.00
ip-10-145-11-135.us-west-1.compute.internal;60;1440074973;xvdf;0.00;0.00;0.00;0.00;0.00;0.00;0.00;0.00
ip-10-145-11-135.us-west-1.compute.internal;60;1440074973;xvdg;0.00;0.00;0.00;0.00;0.00;0.00;0.00;0.00
ip-10-145-11-135.us-west-1.compute.internal;60;1440074973;xvdh;0.00;0.00;0.00;0.00;0.00;0.00;0.00;0.00
ip-10-145-11-135.us-west-1.compute.internal;60;1440074973;xvdi;0.00;0.00;0.00;0.00;0.00;0.00;0.00;0.00
ip-10-145-11-135.us-west-1.compute.internal;60;1440075033;xvda;77.05;0.00;1843.20;23.92;0.39;5.02;0.04;0.30
ip-10-145-11-135.us-west-1.compute.internal;60;1440075033;xvdb;0.00;0.00;0.00;0.00;0.00;0.00;0.00;0.00
ip-10-145-11-135.us-west-1.compute.internal;60;1440075033;xvdc;0.00;0.00;0.00;0.00;0.00;0.00;0.00;0.00
ip-10-145-11-135.us-west-1.compute.internal;60;1440075033;xvdd;0.00;0.00;0.00;0.00;0.00;0.00;0.00;0.00
ip-10-145-11-135.us-west-1.compute.internal;60;1440075033;xvde;0.00;0.00;0.00;0.00;0.00;0.00;0.00;0.00
ip-10-145-11-135.us-west-1.compute.internal;60;1440075033;xvdf;0.00;0.00;0.00;0.00;0.00;0.00;0.00;0.00
ip-10-145-11-135.us-west-1.compute.internal;60;1440075033;xvdg;0.00;0.00;0.00;0.00;0.00;0.00;0.00;0.00
ip-10-145-11-135.us-west-1.compute.internal;60;1440075033;xvdh;0.00;0.00;0.00;0.00;0.00;0.00;0.00;0.00
ip-10-145-11-135.us-west-1.compute.internal;60;1440075033;xvdi;0.00;0.00;0.00;0.00;0.00;0.00;0.00;0.00
ip-10-145-11-135.us-west-1.compute.internal;60;1440075093;xvda;42.63;0.00;1113.18;26.11;0.23;5.38;0.04;0.18
ip-10-145-11-135.us-west-1.compute.internal;60;1440075093;xvdb;0.00;0.00;0.00;0.00;0.00;0.00;0.00;0.00
ip-10-145-11-135.us-west-1.compute.internal;60;1440075093;xvdc;0.00;0.00;0.00;0.00;0.00;0.00;0.00;0.00
ip-10-145-11-135.us-west-1.compute.internal;60;1440075093;xvdd;0.00;0.00;0.00;0.00;0.00;0.00;0.00;0.00
ip-10-145-11-135.us-west-1.compute.internal;60;1440075093;xvde;0.00;0.00;0.00;0.00;0.00;0.00;0.00;0.00
ip-10-145-11-135.us-west-1.compute.internal;60;1440075093;xvdf;0.00;0.00;0.00;0.00;0.00;0.00;0.00;0.00
ip-10-145-11-135.us-west-1.compute.internal;60;1440075093;xvdg;0.00;0.00;0.00;0.00;0.00;0.00;0.00;0.00
ip-10-145-11-135.us-west-1.compute.internal;60;1440075093;xvdh;0.00;0.00;0.00;0.00;0.00;0.00;0.00;0.00
ip-10-145-11-135.us-west-1.compute.internal;60;1440075093;xvdi;0.00;0.00;0.00;0.00;0.00;0.00;0.00;0.00
ip-10-145-11-135.us-west-1.compute.internal;60;1440075153;xvda;82.35;0.00;2058.30;24.99;0.43;5.22;0.04;0.34
ip-10-145-11-135.us-west-1.compute.internal;60;1440075153;xvdb;0.00;0.00;0.00;0.00;0.00;0.00;0.00;0.00
ip-10-145-11-135.us-west-1.compute.internal;60;1440075153;xvdc;0.00;0.00;0.00;0.00;0.00;0.00;0.00;0.00
ip-10-145-11-135.us-west-1.compute.internal;60;1440075153;xvdd;0.00;0.00;0.00;0.00;0.00;0.00;0.00;0.00
ip-10-145-11-135.us-west-1.compute.internal;60;1440075153;xvde;0.00;0.00;0.00;0.00;0.00;0.00;0.00;0.00
ip-10-145-11-135.us-west-1.compute.internal;60;1440075153;xvdf;0.00;0.00;0.00;0.00;0.00;0.00;0.00;0.00
ip-10-145-11-135.us-west-1.compute.internal;60;1440075153;xvdg;0.00;0.00;0.00;0.00;0.00;0.00;0.00;0.00
ip-10-145-11-135.us-west-1.compute.internal;60;1440075153;xvdh;0.00;0.00;0.00;0.00;0.00;0.00;0.00;0.00
ip-10-145-11-135.us-west-1.compute.internal;60;1440075153;xvdi;0.00;0.00;0.00;0.00;0.00;0.00;0.00;0.00
ip-10-145-11-135.us-west-1.compute.internal;60;1440075213;xvda;26.92;0.00;507.48;18.85;0.09;3.52;0.03;0.09
ip-10-145-11-135.us-west-1.compute.internal;60;1440075213;xvdb;0.00;0.00;0.00;0.00;0.00;0.00;0.00;0.00
ip-10-145-11-135.us-west-1.compute.internal;60;1440075213;xvdc;0.00;0.00;0.00;0.00;0.00;0.00;0.00;0.00
ip-10-145-11-135.us-west-1.compute.internal;60;1440075213;xvdd;0.00;0.00;0.00;0.00;0.00;0.00;0.00;0.00
ip-10-145-11-135.us-west-1.compute.internal;60;1440075213;xvde;0.00;0.00;0.00;0.00;0.00;0.00;0.00;0.00
ip-10-145-11-135.us-west-1.compute.internal;60;1440075213;xvdf;0.00;0.00;0.00;0.00;0.00;0.00;0.00;0.00
ip-10-145-11-135.us-west-1.compute.internal;60;1440075213;xvdg;0.00;0.00;0.00;0.00;0.00;0.00;0.00;0.00
ip-10-145-11-135.us-west-1.compute.internal;60;1440075213;xvdh;0.00;0.00;0.00;0.00;0.00;0.00;0.00;0.00
ip-10-145-11-135.us-west-1.compute.internal;60;1440075213;xvdi;0.00;0.00;0.00;0.00;0.00;0.00;0.00;0.00
ip-10-145-11-135.us-west-1.compute.internal;60;1440075273;xvda;6.28;0.00;102.07;16.24;0.00;0.73;0.11;0.07
ip-10-145-11-135.us-west-1.compute.internal;60;1440075273;xvdb;0.00;0.00;0.00;0.00;0.00;0.00;0.00;0.00
ip-10-145-11-135.us-west-1.compute.internal;60;1440075273;xvdc;0.00;0.00;0.00;0.00;0.00;0.00;0.00;0.00
ip-10-145-11-135.us-west-1.compute.internal;60;1440075273;xvdd;0.00;0.00;0.00;0.00;0.00;0.00;0.00;0.00
ip-10-145-11-135.us-west-1.compute.internal;60;1440075273;xvde;0.00;0.00;0.00;0.00;0.00;0.00;0.00;0.00
ip-10-145-11-135.us-west-1.compute.internal;60;1440075273;xvdf;0.00;0.00;0.00;0.00;0.00;0.00;0.00;0.00
ip-10-145-11-135.us-west-1.compute.internal;60;1440075273;xvdg;0.00;0.00;0.00;0.00;0.00;0.00;0.00;0.00
ip-10-145-11-135.us-west-1.compute.internal;60;1440075273;xvdh;0.00;0.00;0.00;0.00;0.00;0.00;0.00;0.00
ip-10-145-11-135.us-west-1.compute.internal;60;1440075273;xvdi;0.00;0.00;0.00;0.00;0.00;0.00;0.00;0.00
ip-10-145-11-135.us-west-1.compute.internal;60;1440075333;xvda;412.43;94110.27;10768.13;254.29;1.54;3.75;0.82;33.69
ip-10-145-11-135.us-west-1.compute.internal;60;1440075333;xvdb;0.00;0.00;0.00;0.00;0.00;0.00;0.00;0.00
ip-10-145-11-135.us-west-1.compute.internal;60;1440075333;xvdc;0.00;0.00;0.00;0.00;0.00;0.00;0.00;0.00
ip-10-145-11-135.us-west-1.compute.internal;60;1440075333;xvdd;0.00;0.00;0.00;0.00;0.00;0.00;0.00;0.00
ip-10-145-11-135.us-west-1.compute.internal;60;1440075333;xvde;0.00;0.00;0.00;0.00;0.00;0.00;0.00;0.00
ip-10-145-11-135.us-west-1.compute.internal;60;1440075333;xvdf;0.00;0.00;0.00;0.00;0.00;0.00;0.00;0.00
ip-10-145-11-135.us-west-1.compute.internal;60;1440075333;xvdg;0.00;0.00;0.00;0.00;0.00;0.00;0.00;0.00
ip-10-145-11-135.us-west-1.compute.internal;60;1440075333;xvdh;0.00;0.00;0.00;0.00;0.00;0.00;0.00;0.00
ip-10-145-11-135.us-west-1.compute.internal;60;1440075333;xvdi;0.00;0.00;0.00;0.00;0.00;0.00;0.00;0.00
ip-10-145-11-135.us-west-1.compute.internal;60;1440075393;xvda;2.93;0.00;48.32;16.47;0.00;0.81;0.10;0.03
ip-10-145-11-135.us-west-1.compute.internal;60;1440075393;xvdb;0.00;0.00;0.00;0.00;0.00;0.00;0.00;0.00
ip-10-145-11-135.us-west-1.compute.internal;60;1440075393;xvdc;0.00;0.00;0.00;0.00;0.00;0.00;0.00;0.00
ip-10-145-11-135.us-west-1.compute.internal;60;1440075393;xvdd;0.00;0.00;0.00;0.00;0.00;0.00;0.00;0.00
ip-10-145-11-135.us-west-1.compute.internal;60;1440075393;xvde;0.00;0.00;0.00;0.00;0.00;0.00;0.00;0.00
ip-10-145-11-135.us-west-1.compute.internal;60;1440075393;xvdf;0.00;0.00;0.00;0.00;0.00;0.00;0.00;0.00
ip-10-145-11-135.us-west-1.compute.internal;60;1440075393;xvdg;0.00;0.00;0.00;0.00;0.00;0.00;0.00;0.00
ip-10-145-11-135.us-west-1.compute.internal;60;1440075393;xvdh;0.00;0.00;0.00;0.00;0.00;0.00;0.00;0.00
ip-10-145-11-135.us-west-1.compute.internal;60;1440075393;xvdi;0.00;0.00;0.00;0.00;0.00;0.00;0.00;0.00
ip-10-145-11-135.us-west-1.compute.internal;60;1440075453;xvda;2.27;0.00;36.28;16.01;0.00;0.84;0.11;0.03
ip-10-145-11-135.us-west-1.compute.internal;60;1440075453;xvdb;0.00;0.00;0.00;0.00;0.00;0.00;0.00;0.00
ip-10-145-11-135.us-west-1.compute.internal;60;1440075453;xvdc;0.00;0.00;0.00;0.00;0.00;0.00;0.00;0.00
ip-10-145-11-135.us-west-1.compute.internal;60;1440075453;xvdd;0.00;0.00;0.00;0.00;0.00;0.00;0.00;0.00
ip-10-145-11-135.us-west-1.compute.internal;60;1440075453;xvde;0.00;0.00;0.00;0.00;0.00;0.00;0.00;0.00
ip-10-145-11-135.us-west-1.compute.internal;60;1440075453;xvdf;0.00;0.00;0.00;0.00;0.00;0.00;0.00;0.00
ip-10-145-11-135.us-west-1.compute.internal;60;1440075453;xvdg;0.00;0.00;0.00;0.00;0.00;0.00;0.00;0.00
ip-10-145-11-135.us-west-1.compute.internal;60;1440075453;xvdh;0.00;0.00;0.00;0.00;0.00;0.00;0.00;0.00
ip-10-145-11-135.us-west-1.compute.internal;60;1440075453;xvdi;0.00;0.00;0.00;0.00;0.00;0.00;0.00;0.00
ip-10-145-11-135.us-west-1.compute.internal;60;1440075513;xvda;2.08;0.00;34.68;16.65;0.00;0.84;0.14;0.03
ip-10-145-11-135.us-west-1.compute.internal;60;1440075513;xvdb;0.00;0.00;0.00;0.00;0.00;0.00;0.00;0.00
ip-10-145-11-135.us-west-1.compute.internal;60;1440075513;xvdc;0.00;0.00;0.00;0.00;0.00;0.00;0.00;0.00
ip-10-145-11-135.us-west-1.compute.internal;60;1440075513;xvdd;0.00;0.00;0.00;0.00;0.00;0.00;0.00;0.00
ip-10-145-11-135.us-west-1.compute.internal;60;1440075513;xvde;0.00;0.00;0.00;0.00;0.00;0.00;0.00;0.00
ip-10-145-11-135.us-west-1.compute.internal;60;1440075513;xvdf;0.00;0.00;0.00;0.00;0.00;0.00;0.00;0.00
ip-10-145-11-135.us-west-1.compute.internal;60;1440075513;xvdg;0.00;0.00;0.00;0.00;0.00;0.00;0.00;0.00
ip-10-145-11-135.us-west-1.compute.internal;60;1440075513;xvdh;0.00;0.00;0.00;0.00;0.00;0.00;0.00;0.00
ip-10-145-11-135.us-west-1.compute.internal;60;1440075513;xvdi;0.00;0.00;0.00;0.00;0.00;0.00;0.00;0.00
ip-10-145-11-135.us-west-1.compute.internal;60;1440075573;xvda;2.13;0.00;34.87;16.34;0.00;0.89;0.14;0.03
ip-10-145-11-135.us-west-1.compute.internal;60;1440075573;xvdb;0.00;0.00;0.00;0.00;0.00;0.00;0.00;0.00
ip-10-145-11-135.us-west-1.compute.internal;60;1440075573;xvdc;0.00;0.00;0.00;0.00;0.00;0.00;0.00;0.00
ip-10-145-11-135.us-west-1.compute.internal;60;1440075573;xvdd;0.00;0.00;0.00;0.00;0.00;0.00;0.00;0.00
ip-10-145-11-135.us-west-1.compute.internal;60;1440075573;xvde;0.00;0.00;0.00;0.00;0.00;0.00;0.00;0.00
ip-10-145-11-135.us-west-1.compute.internal;60;1440075573;xvdf;0.00;0.00;0.00;0.00;0.00;0.00;0.00;0.00
ip-10-145-11-135.us-west-1.compute.internal;60;1440075573;xvdg;0.00;0.00;0.00;0.00;0.00;0.00;0.00;0.00
ip-10-145-11-135.us-west-1.compute.internal;60;1440075573;xvdh;0.00;0.00;0.00;0.00;0.00;0.00;0.00;0.00
ip-10-145-11-135.us-west-1.compute.internal;60;1440075573;xvdi;0.00;0.00;0.00;0.00;0.00;0.00;0.00;0.00
ip-10-145-11-135.us-west-1.compute.internal;60;1440075633;xvda;121.88;2122.00;1396.15;28.86;0.18;1.46;0.40;4.82
ip-10-145-11-135.us-west-1.compute.internal;60;1440075633;xvdb;0.00;0.00;0.00;0.00;0.00;0.00;0.00;0.00
ip-10-145-11-135.us-west-1.compute.internal;60;1440075633;xvdc;0.00;0.00;0.00;0.00;0.00;0.00;0.00;0.00
ip-10-145-11-135.us-west-1.compute.internal;60;1440075633;xvdd;0.00;0.00;0.00;0.00;0.00;0.00;0.00;0.00
ip-10-145-11-135.us-west-1.compute.internal;60;1440075633;xvde;0.00;0.00;0.00;0.00;0.00;0.00;0.00;0.00
ip-10-145-11-135.us-west-1.compute.internal;60;1440075633;xvdf;0.00;0.00;0.00;0.00;0.00;0.00;0.00;0.00
ip-10-145-11-135.us-west-1.compute.internal;60;1440075633;xvdg;0.00;0.00;0.00;0.00;0.00;0.00;0.00;0.00
ip-10-145-11-135.us-west-1.compute.internal;60;1440075633;xvdh;0.00;0.00;0.00;0.00;0.00;0.00;0.00;0.00
ip-10-145-11-135.us-west-1.compute.internal;60;1440075633;xvdi;0.00;0.00;0.00;0.00;0.00;0.00;0.00;0.00
ip-10-145-11-135.us-west-1.compute.internal;60;1440075693;xvda;8.50;20.40;1076.62;129.06;0.05;5.99;0.11;0.10
ip-10-145-11-135.us-west-1.compute.internal;60;1440075693;xvdb;0.00;0.00;0.00;0.00;0.00;0.00;0.00;0.00
ip-10-145-11-135.us-west-1.compute.internal;60;1440075693;xvdc;0.00;0.00;0.00;0.00;0.00;0.00;0.00;0.00
ip-10-145-11-135.us-west-1.compute.internal;60;1440075693;xvdd;0.00;0.00;0.00;0.00;0.00;0.00;0.00;0.00
ip-10-145-11-135.us-west-1.compute.internal;60;1440075693;xvde;0.00;0.00;0.00;0.00;0.00;0.00;0.00;0.00
ip-10-145-11-135.us-west-1.compute.internal;60;1440075693;xvdf;0.00;0.00;0.00;0.00;0.00;0.00;0.00;0.00
ip-10-145-11-135.us-west-1.compute.internal;60;1440075693;xvdg;0.00;0.00;0.00;0.00;0.00;0.00;0.00;0.00
ip-10-145-11-135.us-west-1.compute.internal;60;1440075693;xvdh;0.00;0.00;0.00;0.00;0.00;0.00;0.00;0.00
ip-10-145-11-135.us-west-1.compute.internal;60;1440075693;xvdi;0.00;0.00;0.00;0.00;0.00;0.00;0.00;0.00
ip-10-145-11-135.us-west-1.compute.internal;60;1440075753;xvda;77.90;891.47;899.48;22.99;0.15;1.89;0.57;4.44
ip-10-145-11-135.us-west-1.compute.internal;60;1440075753;xvdb;0.00;0.00;0.00;0.00;0.00;0.00;0.00;0.00
ip-10-145-11-135.us-west-1.compute.internal;60;1440075753;xvdc;0.00;0.00;0.00;0.00;0.00;0.00;0.00;0.00
ip-10-145-11-135.us-west-1.compute.internal;60;1440075753;xvdd;0.00;0.00;0.00;0.00;0.00;0.00;0.00;0.00
ip-10-145-11-135.us-west-1.compute.internal;60;1440075753;xvde;0.00;0.00;0.00;0.00;0.00;0.00;0.00;0.00
ip-10-145-11-135.us-west-1.compute.internal;60;1440075753;xvdf;0.00;0.00;0.00;0.00;0.00;0.00;0.00;0.00
ip-10-145-11-135.us-west-1.compute.internal;60;1440075753;xvdg;0.00;0.00;0.00;0.00;0.00;0.00;0.00;0.00
ip-10-145-11-135.us-west-1.compute.internal;60;1440075753;xvdh;0.00;0.00;0.00;0.00;0.00;0.00;0.00;0.00
ip-10-145-11-135.us-west-1.compute.internal;60;1440075753;xvdi;0.00;0.00;0.00;0.00;0.00;0.00;0.00;0.00
ip-10-145-11-135.us-west-1.compute.internal;60;1440075813;xvda;183.83;15119.73;947.90;87.40;0.28;1.51;0.52;9.62
ip-10-145-11-135.us-west-1.compute.internal;60;1440075813;xvdb;0.00;0.00;0.00;0.00;0.00;0.00;0.00;0.00
ip-10-145-11-135.us-west-1.compute.internal;60;1440075813;xvdc;0.00;0.00;0.00;0.00;0.00;0.00;0.00;0.00
ip-10-145-11-135.us-west-1.compute.internal;60;1440075813;xvdd;0.00;0.00;0.00;0.00;0.00;0.00;0.00;0.00
ip-10-145-11-135.us-west-1.compute.internal;60;1440075813;xvde;0.00;0.00;0.00;0.00;0.00;0.00;0.00;0.00
ip-10-145-11-135.us-west-1.compute.internal;60;1440075813;xvdf;0.00;0.00;0.00;0.00;0.00;0.00;0.00;0.00
ip-10-145-11-135.us-west-1.compute.internal;60;1440075813;xvdg;0.00;0.00;0.00;0.00;0.00;0.00;0.00;0.00
ip-10-145-11-135.us-west-1.compute.internal;60;1440075813;xvdh;0.00;0.00;0.00;0.00;0.00;0.00;0.00;0.00
ip-10-145-11-135.us-west-1.compute.internal;60;1440075813;xvdi;0.00;0.00;0.00;0.00;0.00;0.00;0.00;0.00
ip-10-145-11-135.us-west-1.compute.internal;60;1440075873;xvda;169.08;23793.33;9.13;140.77;0.22;1.32;0.72;12.19
ip-10-145-11-135.us-west-1.compute.internal;60;1440075873;xvdb;0.00;0.00;0.00;0.00;0.00;0.00;0.00;0.00
ip-10-145-11-135.us-west-1.compute.internal;60;1440075873;xvdc;0.00;0.00;0.00;0.00;0.00;0.00;0.00;0.00
ip-10-145-11-135.us-west-1.compute.internal;60;1440075873;xvdd;0.00;0.00;0.00;0.00;0.00;0.00;0.00;0.00
ip-10-145-11-135.us-west-1.compute.internal;60;1440075873;xvde;0.00;0.00;0.00;0.00;0.00;0.00;0.00;0.00
ip-10-145-11-135.us-west-1.compute.internal;60;1440075873;xvdf;0.00;0.00;0.00;0.00;0.00;0.00;0.00;0.00
ip-10-145-11-135.us-west-1.compute.internal;60;1440075873;xvdg;0.00;0.00;0.00;0.00;0.00;0.00;0.00;0.00
ip-10-145-11-135.us-west-1.compute.internal;60;1440075873;xvdh;0.00;0.00;0.00;0.00;0.00;0.00;0.00;0.00
ip-10-145-11-135.us-west-1.compute.internal;60;1440075873;xvdi;0.00;0.00;0.00;0.00;0.00;0.00;0.00;0.00
ip-10-145-11-135.us-west-1.compute.internal;60;1440075933;xvda;464.65;20105.20;8.85;43.29;0.41;0.89;0.51;23.65
ip-10-145-11-135.us-west-1.compute.internal;60;1440075933;xvdb;0.00;0.00;0.00;0.00;0.00;0.00;0.00;0.00
ip-10-145-11-135.us-west-1.compute.internal;60;1440075933;xvdc;0.00;0.00;0.00;0.00;0.00;0.00;0.00;0.00
ip-10-145-11-135.us-west-1.compute.internal;60;1440075933;xvdd;0.00;0.00;0.00;0.00;0.00;0.00;0.00;0.00
ip-10-145-11-135.us-west-1.compute.internal;60;1440075933;xvde;0.00;0.00;0.00;0.00;0.00;0.00;0.00;0.00
ip-10-145-11-135.us-west-1.compute.internal;60;1440075933;xvdf;0.00;0.00;0.00;0.00;0.00;0.00;0.00;0.00
ip-10-145-11-135.us-west-1.compute.internal;60;1440075933;xvdg;0.00;0.00;0.00;0.00;0.00;0.00;0.00;0.00
ip-10-145-11-135.us-west-1.compute.internal;60;1440075933;xvdh;0.00;0.00;0.00;0.00;0.00;0.00;0.00;0.00
ip-10-145-11-135.us-west-1.compute.internal;60;1440075933;xvdi;0.00;0.00;0.00;0.00;0.00;0.00;0.00;0.00
ip-10-145-11-135.us-west-1.compute.internal;60;1440075993;xvda;1347.55;49033.33;17.07;36.40;1.13;0.84;0.61;82.77
ip-10-145-11-135.us-west-1.compute.internal;60;1440075993;xvdb;0.00;0.00;0.00;0.00;0.00;0.00;0.00;0.00
ip-10-145-11-135.us-west-1.compute.internal;60;1440075993;xvdc;0.00;0.00;0.00;0.00;0.00;0.00;0.00;0.00
ip-10-145-11-135.us-west-1.compute.internal;60;1440075993;xvdd;0.00;0.00;0.00;0.00;0.00;0.00;0.00;0.00
ip-10-145-11-135.us-west-1.compute.internal;60;1440075993;xvde;0.00;0.00;0.00;0.00;0.00;0.00;0.00;0.00
ip-10-145-11-135.us-west-1.compute.internal;60;1440075993;xvdf;0.00;0.00;0.00;0.00;0.00;0.00;0.00;0.00
ip-10-145-11-135.us-west-1.compute.internal;60;1440075993;xvdg;0.00;0.00;0.00;0.00;0.00;0.00;0.00;0.00
ip-10-145-11-135.us-west-1.compute.internal;60;1440075993;xvdh;0.00;0.00;0.00;0.00;0.00;0.00;0.00;0.00
ip-10-145-11-135.us-west-1.compute.internal;60;1440075993;xvdi;0.00;0.00;0.00;0.00;0.00;0.00;0.00;0.00
ip-10-145-11-135.us-west-1.compute.internal;60;1440076053;xvda;1261.82;39303.20;10.28;31.16;1.08;0.85;0.45;56.98
ip-10-145-11-135.us-west-1.compute.internal;60;1440076053;xvdb;0.00;0.00;0.00;0.00;0.00;0.00;0.00;0.00
ip-10-145-11-135.us-west-1.compute.internal;60;1440076053;xvdc;0.00;0.00;0.00;0.00;0.00;0.00;0.00;0.00
ip-10-145-11-135.us-west-1.compute.internal;60;1440076053;xvdd;0.00;0.00;0.00;0.00;0.00;0.00;0.00;0.00
ip-10-145-11-135.us-west-1.compute.internal;60;1440076053;xvde;0.00;0.00;0.00;0.00;0.00;0.00;0.00;0.00
ip-10-145-11-135.us-west-1.compute.internal;60;1440076053;xvdf;0.00;0.00;0.00;0.00;0.00;0.00;0.00;0.00
ip-10-145-11-135.us-west-1.compute.internal;60;1440076053;xvdg;0.00;0.00;0.00;0.00;0.00;0.00;0.00;0.00
ip-10-145-11-135.us-west-1.compute.internal;60;1440076053;xvdh;0.00;0.00;0.00;0.00;0.00;0.00;0.00;0.00
ip-10-145-11-135.us-west-1.compute.internal;60;1440076053;xvdi;0.00;0.00;0.00;0.00;0.00;0.00;0.00;0.00
ip-10-145-11-135.us-west-1.compute.internal;60;1440076113;xvda;134.78;2296.80;8.93;17.11;0.11;0.78;0.71;9.62
ip-10-145-11-135.us-west-1.compute.internal;60;1440076113;xvdb;0.00;0.00;0.00;0.00;0.00;0.00;0.00;0.00
ip-10-145-11-135.us-west-1.compute.internal;60;1440076113;xvdc;0.00;0.00;0.00;0.00;0.00;0.00;0.00;0.00
ip-10-145-11-135.us-west-1.compute.internal;60;1440076113;xvdd;0.00;0.00;0.00;0.00;0.00;0.00;0.00;0.00
ip-10-145-11-135.us-west-1.compute.internal;60;1440076113;xvde;0.00;0.00;0.00;0.00;0.00;0.00;0.00;0.00
ip-10-145-11-135.us-west-1.compute.internal;60;1440076113;xvdf;0.00;0.00;0.00;0.00;0.00;0.00;0.00;0.00
ip-10-145-11-135.us-west-1.compute.internal;60;1440076113;xvdg;0.00;0.00;0.00;0.00;0.00;0.00;0.00;0.00
ip-10-145-11-135.us-west-1.compute.internal;60;1440076113;xvdh;0.00;0.00;0.00;0.00;0.00;0.00;0.00;0.00
ip-10-145-11-135.us-west-1.compute.internal;60;1440076113;xvdi;0.00;0.00;0.00;0.00;0.00;0.00;0.00;0.00
ip-10-145-11-135.us-west-1.compute.internal;60;1440076173;xvda;458.78;161.87;114258.55;249.40;22.63;49.28;0.37;17.04
ip-10-145-11-135.us-west-1.compute.internal;60;1440076173;xvdb;0.00;0.00;0.00;0.00;0.00;0.00;0.00;0.00
ip-10-145-11-135.us-west-1.compute.internal;60;1440076173;xvdc;0.00;0.00;0.00;0.00;0.00;0.00;0.00;0.00
ip-10-145-11-135.us-west-1.compute.internal;60;1440076173;xvdd;0.00;0.00;0.00;0.00;0.00;0.00;0.00;0.00
ip-10-145-11-135.us-west-1.compute.internal;60;1440076173;xvde;0.00;0.00;0.00;0.00;0.00;0.00;0.00;0.00
ip-10-145-11-135.us-west-1.compute.internal;60;1440076173;xvdf;0.00;0.00;0.00;0.00;0.00;0.00;0.00;0.00
ip-10-145-11-135.us-west-1.compute.internal;60;1440076173;xvdg;0.00;0.00;0.00;0.00;0.00;0.00;0.00;0.00
ip-10-145-11-135.us-west-1.compute.internal;60;1440076173;xvdh;0.00;0.00;0.00;0.00;0.00;0.00;0.00;0.00
ip-10-145-11-135.us-west-1.compute.internal;60;1440076173;xvdi;0.00;0.00;0.00;0.00;0.00;0.00;0.00;0.00
ip-10-145-11-135.us-west-1.compute.internal;60;1440076233;xvda;774.65;0.00;197449.50;254.89;39.29;50.75;0.36;28.26
ip-10-145-11-135.us-west-1.compute.internal;60;1440076233;xvdb;0.00;0.00;0.00;0.00;0.00;0.00;0.00;0.00
ip-10-145-11-135.us-west-1.compute.internal;60;1440076233;xvdc;0.00;0.00;0.00;0.00;0.00;0.00;0.00;0.00
ip-10-145-11-135.us-west-1.compute.internal;60;1440076233;xvdd;0.00;0.00;0.00;0.00;0.00;0.00;0.00;0.00
ip-10-145-11-135.us-west-1.compute.internal;60;1440076233;xvde;0.00;0.00;0.00;0.00;0.00;0.00;0.00;0.00
ip-10-145-11-135.us-west-1.compute.internal;60;1440076233;xvdf;0.00;0.00;0.00;0.00;0.00;0.00;0.00;0.00
ip-10-145-11-135.us-west-1.compute.internal;60;1440076233;xvdg;0.00;0.00;0.00;0.00;0.00;0.00;0.00;0.00
ip-10-145-11-135.us-west-1.compute.internal;60;1440076233;xvdh;0.00;0.00;0.00;0.00;0.00;0.00;0.00;0.00
ip-10-145-11-135.us-west-1.compute.internal;60;1440076233;xvdi;0.00;0.00;0.00;0.00;0.00;0.00;0.00;0.00
ip-10-145-11-135.us-west-1.compute.internal;60;1440076293;xvda;763.78;260.53;191734.67;251.37;36.35;47.59;0.35;26.75
ip-10-145-11-135.us-west-1.compute.internal;60;1440076293;xvdb;0.00;0.00;0.00;0.00;0.00;0.00;0.00;0.00
ip-10-145-11-135.us-west-1.compute.internal;60;1440076293;xvdc;0.00;0.00;0.00;0.00;0.00;0.00;0.00;0.00
ip-10-145-11-135.us-west-1.compute.internal;60;1440076293;xvdd;0.00;0.00;0.00;0.00;0.00;0.00;0.00;0.00
ip-10-145-11-135.us-west-1.compute.internal;60;1440076293;xvde;0.00;0.00;0.00;0.00;0.00;0.00;0.00;0.00
ip-10-145-11-135.us-west-1.compute.internal;60;1440076293;xvdf;0.00;0.00;0.00;0.00;0.00;0.00;0.00;0.00
ip-10-145-11-135.us-west-1.compute.internal;60;1440076293;xvdg;0.00;0.00;0.00;0.00;0.00;0.00;0.00;0.00
ip-10-145-11-135.us-west-1.compute.internal;60;1440076293;xvdh;0.00;0.00;0.00;0.00;0.00;0.00;0.00;0.00
ip-10-145-11-135.us-west-1.compute.internal;60;1440076293;xvdi;0.00;0.00;0.00;0.00;0.00;0.00;0.00;0.00
ip-10-145-11-135.us-west-1.compute.internal;60;1440076353;xvda;199.70;273.73;45908.82;231.26;6.36;31.83;0.32;6.47
ip-10-145-11-135.us-west-1.compute.internal;60;1440076353;xvdb;0.00;0.00;0.00;0.00;0.00;0.00;0.00;0.00
ip-10-145-11-135.us-west-1.compute.internal;60;1440076353;xvdc;0.00;0.00;0.00;0.00;0.00;0.00;0.00;0.00
ip-10-145-11-135.us-west-1.compute.internal;60;1440076353;xvdd;0.00;0.00;0.00;0.00;0.00;0.00;0.00;0.00
ip-10-145-11-135.us-west-1.compute.internal;60;1440076353;xvde;0.00;0.00;0.00;0.00;0.00;0.00;0.00;0.00
ip-10-145-11-135.us-west-1.compute.internal;60;1440076353;xvdf;0.00;0.00;0.00;0.00;0.00;0.00;0.00;0.00
ip-10-145-11-135.us-west-1.compute.internal;60;1440076353;xvdg;0.00;0.00;0.00;0.00;0.00;0.00;0.00;0.00
ip-10-145-11-135.us-west-1.compute.internal;60;1440076353;xvdh;0.00;0.00;0.00;0.00;0.00;0.00;0.00;0.00
ip-10-145-11-135.us-west-1.compute.internal;60;1440076353;xvdi;0.00;0.00;0.00;0.00;0.00;0.00;0.00;0.00
ip-10-145-11-135.us-west-1.compute.internal;60;1440076413;xvda;39.37;254.67;5808.83;154.03;0.50;12.04;0.51;2.03
ip-10-145-11-135.us-west-1.compute.internal;60;1440076413;xvdb;0.00;0.00;0.00;0.00;0.00;0.00;0.00;0.00
ip-10-145-11-135.us-west-1.compute.internal;60;1440076413;xvdc;0.00;0.00;0.00;0.00;0.00;0.00;0.00;0.00
ip-10-145-11-135.us-west-1.compute.internal;60;1440076413;xvdd;0.00;0.00;0.00;0.00;0.00;0.00;0.00;0.00
ip-10-145-11-135.us-west-1.compute.internal;60;1440076413;xvde;0.00;0.00;0.00;0.00;0.00;0.00;0.00;0.00
ip-10-145-11-135.us-west-1.compute.internal;60;1440076413;xvdf;0.00;0.00;0.00;0.00;0.00;0.00;0.00;0.00
ip-10-145-11-135.us-west-1.compute.internal;60;1440076413;xvdg;0.00;0.00;0.00;0.00;0.00;0.00;0.00;0.00
ip-10-145-11-135.us-west-1.compute.internal;60;1440076413;xvdh;0.00;0.00;0.00;0.00;0.00;0.00;0.00;0.00
ip-10-145-11-135.us-west-1.compute.internal;60;1440076413;xvdi;0.00;0.00;0.00;0.00;0.00;0.00;0.00;0.00
ip-10-145-11-135.us-west-1.compute.internal;60;1440076473;xvda;48.45;165.87;9385.48;197.14;2.36;49.06;0.63;3.07
ip-10-145-11-135.us-west-1.compute.internal;60;1440076473;xvdb;0.00;0.00;0.00;0.00;0.00;0.00;0.00;0.00
ip-10-145-11-135.us-west-1.compute.internal;60;1440076473;xvdc;0.00;0.00;0.00;0.00;0.00;0.00;0.00;0.00
ip-10-145-11-135.us-west-1.compute.internal;60;1440076473;xvdd;0.00;0.00;0.00;0.00;0.00;0.00;0.00;0.00
ip-10-145-11-135.us-west-1.compute.internal;60;1440076473;xvde;0.00;0.00;0.00;0.00;0.00;0.00;0.00;0.00
ip-10-145-11-135.us-west-1.compute.internal;60;1440076473;xvdf;0.00;0.00;0.00;0.00;0.00;0.00;0.00;0.00
ip-10-145-11-135.us-west-1.compute.internal;60;1440076473;xvdg;0.00;0.00;0.00;0.00;0.00;0.00;0.00;0.00
ip-10-145-11-135.us-west-1.compute.internal;60;1440076473;xvdh;0.00;0.00;0.00;0.00;0.00;0.00;0.00;0.00
ip-10-145-11-135.us-west-1.compute.internal;60;1440076473;xvdi;0.00;0.00;0.00;0.00;0.00;0.00;0.00;0.00
ip-10-145-11-135.us-west-1.compute.internal;60;1440076533;xvda;7.93;0.00;1397.43;176.15;0.10;12.23;0.32;0.25
ip-10-145-11-135.us-west-1.compute.internal;60;1440076533;xvdb;0.00;0.00;0.00;0.00;0.00;0.00;0.00;0.00
ip-10-145-11-135.us-west-1.compute.internal;60;1440076533;xvdc;0.00;0.00;0.00;0.00;0.00;0.00;0.00;0.00
ip-10-145-11-135.us-west-1.compute.internal;60;1440076533;xvdd;0.00;0.00;0.00;0.00;0.00;0.00;0.00;0.00
ip-10-145-11-135.us-west-1.compute.internal;60;1440076533;xvde;0.00;0.00;0.00;0.00;0.00;0.00;0.00;0.00
ip-10-145-11-135.us-west-1.compute.internal;60;1440076533;xvdf;0.00;0.00;0.00;0.00;0.00;0.00;0.00;0.00
ip-10-145-11-135.us-west-1.compute.internal;60;1440076533;xvdg;0.00;0.00;0.00;0.00;0.00;0.00;0.00;0.00
ip-10-145-11-135.us-west-1.compute.internal;60;1440076533;xvdh;0.00;0.00;0.00;0.00;0.00;0.00;0.00;0.00
ip-10-145-11-135.us-west-1.compute.internal;60;1440076533;xvdi;0.00;0.00;0.00;0.00;0.00;0.00;0.00;0.00
ip-10-145-11-135.us-west-1.compute.internal;60;1440076593;xvda;2.40;0.00;29.32;12.22;0.01;2.96;0.13;0.03
ip-10-145-11-135.us-west-1.compute.internal;60;1440076593;xvdb;0.00;0.00;0.00;0.00;0.00;0.00;0.00;0.00
ip-10-145-11-135.us-west-1.compute.internal;60;1440076593;xvdc;0.00;0.00;0.00;0.00;0.00;0.00;0.00;0.00
ip-10-145-11-135.us-west-1.compute.internal;60;1440076593;xvdd;0.00;0.00;0.00;0.00;0.00;0.00;0.00;0.00
ip-10-145-11-135.us-west-1.compute.internal;60;1440076593;xvde;0.00;0.00;0.00;0.00;0.00;0.00;0.00;0.00
ip-10-145-11-135.us-west-1.compute.internal;60;1440076593;xvdf;0.00;0.00;0.00;0.00;0.00;0.00;0.00;0.00
ip-10-145-11-135.us-west-1.compute.internal;60;1440076593;xvdg;0.00;0.00;0.00;0.00;0.00;0.00;0.00;0.00
ip-10-145-11-135.us-west-1.compute.internal;60;1440076593;xvdh;0.00;0.00;0.00;0.00;0.00;0.00;0.00;0.00
ip-10-145-11-135.us-west-1.compute.internal;60;1440076593;xvdi;0.00;0.00;0.00;0.00;0.00;0.00;0.00;0.00
ip-10-145-11-135.us-west-1.compute.internal;60;1440076653;xvda;2.12;0.00;24.02;11.35;0.01;2.53;0.13;0.03
ip-10-145-11-135.us-west-1.compute.internal;60;1440076653;xvdb;0.00;0.00;0.00;0.00;0.00;0.00;0.00;0.00
ip-10-145-11-135.us-west-1.compute.internal;60;1440076653;xvdc;0.00;0.00;0.00;0.00;0.00;0.00;0.00;0.00
ip-10-145-11-135.us-west-1.compute.internal;60;1440076653;xvdd;0.00;0.00;0.00;0.00;0.00;0.00;0.00;0.00
ip-10-145-11-135.us-west-1.compute.internal;60;1440076653;xvde;0.00;0.00;0.00;0.00;0.00;0.00;0.00;0.00
ip-10-145-11-135.us-west-1.compute.internal;60;1440076653;xvdf;0.00;0.00;0.00;0.00;0.00;0.00;0.00;0.00
ip-10-145-11-135.us-west-1.compute.internal;60;1440076653;xvdg;0.00;0.00;0.00;0.00;0.00;0.00;0.00;0.00
ip-10-145-11-135.us-west-1.compute.internal;60;1440076653;xvdh;0.00;0.00;0.00;0.00;0.00;0.00;0.00;0.00
ip-10-145-11-135.us-west-1.compute.internal;60;1440076653;xvdi;0.00;0.00;0.00;0.00;0.00;0.00;0.00;0.00
ip-10-145-11-135.us-west-1.compute.internal;60;1440076713;xvda;2.37;0.00;26.50;11.20;0.01;2.99;0.13;0.03
ip-10-145-11-135.us-west-1.compute.internal;60;1440076713;xvdb;0.00;0.00;0.00;0.00;0.00;0.00;0.00;0.00
ip-10-145-11-135.us-west-1.compute.internal;60;1440076713;xvdc;0.00;0.00;0.00;0.00;0.00;0.00;0.00;0.00
ip-10-145-11-135.us-west-1.compute.internal;60;1440076713;xvdd;0.00;0.00;0.00;0.00;0.00;0.00;0.00;0.00
ip-10-145-11-135.us-west-1.compute.internal;60;1440076713;xvde;0.00;0.00;0.00;0.00;0.00;0.00;0.00;0.00
ip-10-145-11-135.us-west-1.compute.internal;60;1440076713;xvdf;0.00;0.00;0.00;0.00;0.00;0.00;0.00;0.00
ip-10-145-11-135.us-west-1.compute.internal;60;1440076713;xvdg;0.00;0.00;0.00;0.00;0.00;0.00;0.00;0.00
ip-10-145-11-135.us-west-1.compute.internal;60;1440076713;xvdh;0.00;0.00;0.00;0.00;0.00;0.00;0.00;0.00
ip-10-145-11-135.us-west-1.compute.internal;60;1440076713;xvdi;0.00;0.00;0.00;0.00;0.00;0.00;0.00;0.00
ip-10-145-11-135.us-west-1.compute.internal;60;1440076773;xvda;48.23;1.20;11698.37;242.56;1.19;24.64;0.19;0.93
ip-10-145-11-135.us-west-1.compute.internal;60;1440076773;xvdb;0.00;0.00;0.00;0.00;0.00;0.00;0.00;0.00
ip-10-145-11-135.us-west-1.compute.internal;60;1440076773;xvdc;0.00;0.00;0.00;0.00;0.00;0.00;0.00;0.00
ip-10-145-11-135.us-west-1.compute.internal;60;1440076773;xvdd;0.00;0.00;0.00;0.00;0.00;0.00;0.00;0.00
ip-10-145-11-135.us-west-1.compute.internal;60;1440076773;xvde;0.00;0.00;0.00;0.00;0.00;0.00;0.00;0.00
ip-10-145-11-135.us-west-1.compute.internal;60;1440076773;xvdf;0.00;0.00;0.00;0.00;0.00;0.00;0.00;0.00
ip-10-145-11-135.us-west-1.compute.internal;60;1440076773;xvdg;0.00;0.00;0.00;0.00;0.00;0.00;0.00;0.00
ip-10-145-11-135.us-west-1.compute.internal;60;1440076773;xvdh;0.00;0.00;0.00;0.00;0.00;0.00;0.00;0.00
ip-10-145-11-135.us-west-1.compute.internal;60;1440076773;xvdi;0.00;0.00;0.00;0.00;0.00;0.00;0.00;0.00
ip-10-145-11-135.us-west-1.compute.internal;60;1440076833;xvda;89.45;0.00;22716.70;253.95;2.25;25.11;0.20;1.80
ip-10-145-11-135.us-west-1.compute.internal;60;1440076833;xvdb;0.00;0.00;0.00;0.00;0.00;0.00;0.00;0.00
ip-10-145-11-135.us-west-1.compute.internal;60;1440076833;xvdc;0.00;0.00;0.00;0.00;0.00;0.00;0.00;0.00
ip-10-145-11-135.us-west-1.compute.internal;60;1440076833;xvdd;0.00;0.00;0.00;0.00;0.00;0.00;0.00;0.00
ip-10-145-11-135.us-west-1.compute.internal;60;1440076833;xvde;0.00;0.00;0.00;0.00;0.00;0.00;0.00;0.00
ip-10-145-11-135.us-west-1.compute.internal;60;1440076833;xvdf;0.00;0.00;0.00;0.00;0.00;0.00;0.00;0.00
ip-10-145-11-135.us-west-1.compute.internal;60;1440076833;xvdg;0.00;0.00;0.00;0.00;0.00;0.00;0.00;0.00
ip-10-145-11-135.us-west-1.compute.internal;60;1440076833;xvdh;0.00;0.00;0.00;0.00;0.00;0.00;0.00;0.00
ip-10-145-11-135.us-west-1.compute.internal;60;1440076833;xvdi;0.00;0.00;0.00;0.00;0.00;0.00;0.00;0.00
ip-10-145-11-135.us-west-1.compute.internal;60;1440076893;xvda;97.02;0.00;24621.08;253.78;2.58;26.60;0.21;2.01
ip-10-145-11-135.us-west-1.compute.internal;60;1440076893;xvdb;0.00;0.00;0.00;0.00;0.00;0.00;0.00;0.00
ip-10-145-11-135.us-west-1.compute.internal;60;1440076893;xvdc;0.00;0.00;0.00;0.00;0.00;0.00;0.00;0.00
ip-10-145-11-135.us-west-1.compute.internal;60;1440076893;xvdd;0.00;0.00;0.00;0.00;0.00;0.00;0.00;0.00
ip-10-145-11-135.us-west-1.compute.internal;60;1440076893;xvde;0.00;0.00;0.00;0.00;0.00;0.00;0.00;0.00
ip-10-145-11-135.us-west-1.compute.internal;60;1440076893;xvdf;0.00;0.00;0.00;0.00;0.00;0.00;0.00;0.00
ip-10-145-11-135.us-west-1.compute.internal;60;1440076893;xvdg;0.00;0.00;0.00;0.00;0.00;0.00;0.00;0.00
ip-10-145-11-135.us-west-1.compute.internal;60;1440076893;xvdh;0.00;0.00;0.00;0.00;0.00;0.00;0.00;0.00
ip-10-145-11-135.us-west-1.compute.internal;60;1440076893;xvdi;0.00;0.00;0.00;0.00;0.00;0.00;0.00;0.00
ip-10-145-11-135.us-west-1.compute.internal;60;1440076953;xvda;66.73;0.00;16928.05;253.67;1.36;20.43;0.16;1.04
ip-10-145-11-135.us-west-1.compute.internal;60;1440076953;xvdb;0.00;0.00;0.00;0.00;0.00;0.00;0.00;0.00
ip-10-145-11-135.us-west-1.compute.internal;60;1440076953;xvdc;0.00;0.00;0.00;0.00;0.00;0.00;0.00;0.00
ip-10-145-11-135.us-west-1.compute.internal;60;1440076953;xvdd;0.00;0.00;0.00;0.00;0.00;0.00;0.00;0.00
ip-10-145-11-135.us-west-1.compute.internal;60;1440076953;xvde;0.00;0.00;0.00;0.00;0.00;0.00;0.00;0.00
ip-10-145-11-135.us-west-1.compute.internal;60;1440076953;xvdf;0.00;0.00;0.00;0.00;0.00;0.00;0.00;0.00
ip-10-145-11-135.us-west-1.compute.internal;60;1440076953;xvdg;0.00;0.00;0.00;0.00;0.00;0.00;0.00;0.00
ip-10-145-11-135.us-west-1.compute.internal;60;1440076953;xvdh;0.00;0.00;0.00;0.00;0.00;0.00;0.00;0.00
ip-10-145-11-135.us-west-1.compute.internal;60;1440076953;xvdi;0.00;0.00;0.00;0.00;0.00;0.00;0.00;0.00
ip-10-145-11-135.us-west-1.compute.internal;60;1440077013;xvda;45.68;15.07;11211.85;245.76;1.17;25.58;0.22;0.99
ip-10-145-11-135.us-west-1.compute.internal;60;1440077013;xvdb;0.00;0.00;0.00;0.00;0.00;0.00;0.00;0.00
ip-10-145-11-135.us-west-1.compute.internal;60;1440077013;xvdc;0.00;0.00;0.00;0.00;0.00;0.00;0.00;0.00
ip-10-145-11-135.us-west-1.compute.internal;60;1440077013;xvdd;0.00;0.00;0.00;0.00;0.00;0.00;0.00;0.00
ip-10-145-11-135.us-west-1.compute.internal;60;1440077013;xvde;0.00;0.00;0.00;0.00;0.00;0.00;0.00;0.00
ip-10-145-11-135.us-west-1.compute.internal;60;1440077013;xvdf;0.00;0.00;0.00;0.00;0.00;0.00;0.00;0.00
ip-10-145-11-135.us-west-1.compute.internal;60;1440077013;xvdg;0.00;0.00;0.00;0.00;0.00;0.00;0.00;0.00
ip-10-145-11-135.us-west-1.compute.internal;60;1440077013;xvdh;0.00;0.00;0.00;0.00;0.00;0.00;0.00;0.00
ip-10-145-11-135.us-west-1.compute.internal;60;1440077013;xvdi;0.00;0.00;0.00;0.00;0.00;0.00;0.00;0.00
ip-10-145-11-135.us-west-1.compute.internal;60;1440077073;xvda;0.95;6.00;8.50;15.26;0.00;0.81;0.51;0.05
ip-10-145-11-135.us-west-1.compute.internal;60;1440077073;xvdb;0.00;0.00;0.00;0.00;0.00;0.00;0.00;0.00
ip-10-145-11-135.us-west-1.compute.internal;60;1440077073;xvdc;0.00;0.00;0.00;0.00;0.00;0.00;0.00;0.00
ip-10-145-11-135.us-west-1.compute.internal;60;1440077073;xvdd;0.00;0.00;0.00;0.00;0.00;0.00;0.00;0.00
ip-10-145-11-135.us-west-1.compute.internal;60;1440077073;xvde;0.00;0.00;0.00;0.00;0.00;0.00;0.00;0.00
ip-10-145-11-135.us-west-1.compute.internal;60;1440077073;xvdf;0.00;0.00;0.00;0.00;0.00;0.00;0.00;0.00
ip-10-145-11-135.us-west-1.compute.internal;60;1440077073;xvdg;0.00;0.00;0.00;0.00;0.00;0.00;0.00;0.00
ip-10-145-11-135.us-west-1.compute.internal;60;1440077073;xvdh;0.00;0.00;0.00;0.00;0.00;0.00;0.00;0.00
ip-10-145-11-135.us-west-1.compute.internal;60;1440077073;xvdi;0.00;0.00;0.00;0.00;0.00;0.00;0.00;0.00
ip-10-145-11-135.us-west-1.compute.internal;60;1440077133;xvda;13.60;3082.00;12.88;227.56;0.02;1.52;1.00;1.36
ip-10-145-11-135.us-west-1.compute.internal;60;1440077133;xvdb;0.00;0.00;0.00;0.00;0.00;0.00;0.00;0.00
ip-10-145-11-135.us-west-1.compute.internal;60;1440077133;xvdc;0.00;0.00;0.00;0.00;0.00;0.00;0.00;0.00
ip-10-145-11-135.us-west-1.compute.internal;60;1440077133;xvdd;0.00;0.00;0.00;0.00;0.00;0.00;0.00;0.00
ip-10-145-11-135.us-west-1.compute.internal;60;1440077133;xvde;0.00;0.00;0.00;0.00;0.00;0.00;0.00;0.00
ip-10-145-11-135.us-west-1.compute.internal;60;1440077133;xvdf;0.00;0.00;0.00;0.00;0.00;0.00;0.00;0.00
ip-10-145-11-135.us-west-1.compute.internal;60;1440077133;xvdg;0.00;0.00;0.00;0.00;0.00;0.00;0.00;0.00
ip-10-145-11-135.us-west-1.compute.internal;60;1440077133;xvdh;0.00;0.00;0.00;0.00;0.00;0.00;0.00;0.00
ip-10-145-11-135.us-west-1.compute.internal;60;1440077133;xvdi;0.00;0.00;0.00;0.00;0.00;0.00;0.00;0.00
ip-10-145-11-135.us-west-1.compute.internal;60;1440077193;xvda;167.62;0.00;42597.45;254.14;6.47;38.60;0.28;4.69
ip-10-145-11-135.us-west-1.compute.internal;60;1440077193;xvdb;0.00;0.00;0.00;0.00;0.00;0.00;0.00;0.00
ip-10-145-11-135.us-west-1.compute.internal;60;1440077193;xvdc;0.00;0.00;0.00;0.00;0.00;0.00;0.00;0.00
ip-10-145-11-135.us-west-1.compute.internal;60;1440077193;xvdd;0.00;0.00;0.00;0.00;0.00;0.00;0.00;0.00
ip-10-145-11-135.us-west-1.compute.internal;60;1440077193;xvde;0.00;0.00;0.00;0.00;0.00;0.00;0.00;0.00
ip-10-145-11-135.us-west-1.compute.internal;60;1440077193;xvdf;0.00;0.00;0.00;0.00;0.00;0.00;0.00;0.00
ip-10-145-11-135.us-west-1.compute.internal;60;1440077193;xvdg;0.00;0.00;0.00;0.00;0.00;0.00;0.00;0.00
ip-10-145-11-135.us-west-1.compute.internal;60;1440077193;xvdh;0.00;0.00;0.00;0.00;0.00;0.00;0.00;0.00
ip-10-145-11-135.us-west-1.compute.internal;60;1440077193;xvdi;0.00;0.00;0.00;0.00;0.00;0.00;0.00;0.00
ip-10-145-11-135.us-west-1.compute.internal;60;1440077253;xvda;137.40;0.00;34962.42;254.46;5.83;42.44;0.31;4.20
ip-10-145-11-135.us-west-1.compute.internal;60;1440077253;xvdb;0.00;0.00;0.00;0.00;0.00;0.00;0.00;0.00
ip-10-145-11-135.us-west-1.compute.internal;60;1440077253;xvdc;0.00;0.00;0.00;0.00;0.00;0.00;0.00;0.00
ip-10-145-11-135.us-west-1.compute.internal;60;1440077253;xvdd;0.00;0.00;0.00;0.00;0.00;0.00;0.00;0.00
ip-10-145-11-135.us-west-1.compute.internal;60;1440077253;xvde;0.00;0.00;0.00;0.00;0.00;0.00;0.00;0.00
ip-10-145-11-135.us-west-1.compute.internal;60;1440077253;xvdf;0.00;0.00;0.00;0.00;0.00;0.00;0.00;0.00
ip-10-145-11-135.us-west-1.compute.internal;60;1440077253;xvdg;0.00;0.00;0.00;0.00;0.00;0.00;0.00;0.00
ip-10-145-11-135.us-west-1.compute.internal;60;1440077253;xvdh;0.00;0.00;0.00;0.00;0.00;0.00;0.00;0.00
ip-10-145-11-135.us-west-1.compute.internal;60;1440077253;xvdi;0.00;0.00;0.00;0.00;0.00;0.00;0.00;0.00
ip-10-145-11-135.us-west-1.compute.internal;60;1440077313;xvda;269.93;0.00;68928.90;255.36;12.10;44.82;0.32;8.61
ip-10-145-11-135.us-west-1.compute.internal;60;1440077313;xvdb;0.00;0.00;0.00;0.00;0.00;0.00;0.00;0.00
ip-10-145-11-135.us-west-1.compute.internal;60;1440077313;xvdc;0.00;0.00;0.00;0.00;0.00;0.00;0.00;0.00
ip-10-145-11-135.us-west-1.compute.internal;60;1440077313;xvdd;0.00;0.00;0.00;0.00;0.00;0.00;0.00;0.00
ip-10-145-11-135.us-west-1.compute.internal;60;1440077313;xvde;0.00;0.00;0.00;0.00;0.00;0.00;0.00;0.00
ip-10-145-11-135.us-west-1.compute.internal;60;1440077313;xvdf;0.00;0.00;0.00;0.00;0.00;0.00;0.00;0.00
ip-10-145-11-135.us-west-1.compute.internal;60;1440077313;xvdg;0.00;0.00;0.00;0.00;0.00;0.00;0.00;0.00
ip-10-145-11-135.us-west-1.compute.internal;60;1440077313;xvdh;0.00;0.00;0.00;0.00;0.00;0.00;0.00;0.00
ip-10-145-11-135.us-west-1.compute.internal;60;1440077313;xvdi;0.00;0.00;0.00;0.00;0.00;0.00;0.00;0.00
ip-10-145-11-135.us-west-1.compute.internal;60;1440077373;xvda;132.77;4256.80;29190.67;251.93;4.81;36.21;0.41;5.49
ip-10-145-11-135.us-west-1.compute.internal;60;1440077373;xvdb;0.00;0.00;0.00;0.00;0.00;0.00;0.00;0.00
ip-10-145-11-135.us-west-1.compute.internal;60;1440077373;xvdc;0.00;0.00;0.00;0.00;0.00;0.00;0.00;0.00
ip-10-145-11-135.us-west-1.compute.internal;60;1440077373;xvdd;0.00;0.00;0.00;0.00;0.00;0.00;0.00;0.00
ip-10-145-11-135.us-west-1.compute.internal;60;1440077373;xvde;0.00;0.00;0.00;0.00;0.00;0.00;0.00;0.00
ip-10-145-11-135.us-west-1.compute.internal;60;1440077373;xvdf;0.00;0.00;0.00;0.00;0.00;0.00;0.00;0.00
ip-10-145-11-135.us-west-1.compute.internal;60;1440077373;xvdg;0.00;0.00;0.00;0.00;0.00;0.00;0.00;0.00
ip-10-145-11-135.us-west-1.compute.internal;60;1440077373;xvdh;0.00;0.00;0.00;0.00;0.00;0.00;0.00;0.00
ip-10-145-11-135.us-west-1.compute.internal;60;1440077373;xvdi;0.00;0.00;0.00;0.00;0.00;0.00;0.00;0.00
ip-10-145-11-135.us-west-1.compute.internal;60;1440077433;xvda;384.65;2436.53;95234.42;253.92;17.27;44.91;0.36;13.81
ip-10-145-11-135.us-west-1.compute.internal;60;1440077433;xvdb;0.00;0.00;0.00;0.00;0.00;0.00;0.00;0.00
ip-10-145-11-135.us-west-1.compute.internal;60;1440077433;xvdc;0.00;0.00;0.00;0.00;0.00;0.00;0.00;0.00
ip-10-145-11-135.us-west-1.compute.internal;60;1440077433;xvdd;0.00;0.00;0.00;0.00;0.00;0.00;0.00;0.00
ip-10-145-11-135.us-west-1.compute.internal;60;1440077433;xvde;0.00;0.00;0.00;0.00;0.00;0.00;0.00;0.00
ip-10-145-11-135.us-west-1.compute.internal;60;1440077433;xvdf;0.00;0.00;0.00;0.00;0.00;0.00;0.00;0.00
ip-10-145-11-135.us-west-1.compute.internal;60;1440077433;xvdg;0.00;0.00;0.00;0.00;0.00;0.00;0.00;0.00
ip-10-145-11-135.us-west-1.compute.internal;60;1440077433;xvdh;0.00;0.00;0.00;0.00;0.00;0.00;0.00;0.00
ip-10-145-11-135.us-west-1.compute.internal;60;1440077433;xvdi;0.00;0.00;0.00;0.00;0.00;0.00;0.00;0.00
ip-10-145-11-135.us-west-1.compute.internal;60;1440077493;xvda;168.35;10205.33;7529.62;105.35;0.58;3.44;0.52;8.73
ip-10-145-11-135.us-west-1.compute.internal;60;1440077493;xvdb;0.00;0.00;0.00;0.00;0.00;0.00;0.00;0.00
ip-10-145-11-135.us-west-1.compute.internal;60;1440077493;xvdc;0.00;0.00;0.00;0.00;0.00;0.00;0.00;0.00
ip-10-145-11-135.us-west-1.compute.internal;60;1440077493;xvdd;0.00;0.00;0.00;0.00;0.00;0.00;0.00;0.00
ip-10-145-11-135.us-west-1.compute.internal;60;1440077493;xvde;0.00;0.00;0.00;0.00;0.00;0.00;0.00;0.00
ip-10-145-11-135.us-west-1.compute.internal;60;1440077493;xvdf;0.00;0.00;0.00;0.00;0.00;0.00;0.00;0.00
ip-10-145-11-135.us-west-1.compute.internal;60;1440077493;xvdg;0.00;0.00;0.00;0.00;0.00;0.00;0.00;0.00
ip-10-145-11-135.us-west-1.compute.internal;60;1440077493;xvdh;0.00;0.00;0.00;0.00;0.00;0.00;0.00;0.00
ip-10-145-11-135.us-west-1.compute.internal;60;1440077493;xvdi;0.00;0.00;0.00;0.00;0.00;0.00;0.00;0.00
ip-10-145-11-135.us-west-1.compute.internal;60;1440077553;xvda;40.45;825.07;6820.82;189.02;0.38;9.50;0.25;1.02
ip-10-145-11-135.us-west-1.compute.internal;60;1440077553;xvdb;0.00;0.00;0.00;0.00;0.00;0.00;0.00;0.00
ip-10-145-11-135.us-west-1.compute.internal;60;1440077553;xvdc;0.00;0.00;0.00;0.00;0.00;0.00;0.00;0.00
ip-10-145-11-135.us-west-1.compute.internal;60;1440077553;xvdd;0.00;0.00;0.00;0.00;0.00;0.00;0.00;0.00
ip-10-145-11-135.us-west-1.compute.internal;60;1440077553;xvde;0.00;0.00;0.00;0.00;0.00;0.00;0.00;0.00
ip-10-145-11-135.us-west-1.compute.internal;60;1440077553;xvdf;0.00;0.00;0.00;0.00;0.00;0.00;0.00;0.00
ip-10-145-11-135.us-west-1.compute.internal;60;1440077553;xvdg;0.00;0.00;0.00;0.00;0.00;0.00;0.00;0.00
ip-10-145-11-135.us-west-1.compute.internal;60;1440077553;xvdh;0.00;0.00;0.00;0.00;0.00;0.00;0.00;0.00
ip-10-145-11-135.us-west-1.compute.internal;60;1440077553;xvdi;0.00;0.00;0.00;0.00;0.00;0.00;0.00;0.00
ip-10-145-11-135.us-west-1.compute.internal;60;1440077613;xvda;1.28;34.53;68.70;80.44;0.00;1.45;0.32;0.04
ip-10-145-11-135.us-west-1.compute.internal;60;1440077613;xvdb;0.00;0.00;0.00;0.00;0.00;0.00;0.00;0.00
ip-10-145-11-135.us-west-1.compute.internal;60;1440077613;xvdc;0.00;0.00;0.00;0.00;0.00;0.00;0.00;0.00
ip-10-145-11-135.us-west-1.compute.internal;60;1440077613;xvdd;0.00;0.00;0.00;0.00;0.00;0.00;0.00;0.00
ip-10-145-11-135.us-west-1.compute.internal;60;1440077613;xvde;0.00;0.00;0.00;0.00;0.00;0.00;0.00;0.00
ip-10-145-11-135.us-west-1.compute.internal;60;1440077613;xvdf;0.00;0.00;0.00;0.00;0.00;0.00;0.00;0.00
ip-10-145-11-135.us-west-1.compute.internal;60;1440077613;xvdg;0.00;0.00;0.00;0.00;0.00;0.00;0.00;0.00
ip-10-145-11-135.us-west-1.compute.internal;60;1440077613;xvdh;0.00;0.00;0.00;0.00;0.00;0.00;0.00;0.00
ip-10-145-11-135.us-west-1.compute.internal;60;1440077613;xvdi;0.00;0.00;0.00;0.00;0.00;0.00;0.00;0.00
ip-10-145-11-135.us-west-1.compute.internal;60;1440077673;xvda;2.73;26.40;119.22;53.27;0.00;1.15;0.44;0.12
ip-10-145-11-135.us-west-1.compute.internal;60;1440077673;xvdb;0.00;0.00;0.00;0.00;0.00;0.00;0.00;0.00
ip-10-145-11-135.us-west-1.compute.internal;60;1440077673;xvdc;0.00;0.00;0.00;0.00;0.00;0.00;0.00;0.00
ip-10-145-11-135.us-west-1.compute.internal;60;1440077673;xvdd;0.00;0.00;0.00;0.00;0.00;0.00;0.00;0.00
ip-10-145-11-135.us-west-1.compute.internal;60;1440077673;xvde;0.00;0.00;0.00;0.00;0.00;0.00;0.00;0.00
ip-10-145-11-135.us-west-1.compute.internal;60;1440077673;xvdf;0.00;0.00;0.00;0.00;0.00;0.00;0.00;0.00
ip-10-145-11-135.us-west-1.compute.internal;60;1440077673;xvdg;0.00;0.00;0.00;0.00;0.00;0.00;0.00;0.00
ip-10-145-11-135.us-west-1.compute.internal;60;1440077673;xvdh;0.00;0.00;0.00;0.00;0.00;0.00;0.00;0.00
ip-10-145-11-135.us-west-1.compute.internal;60;1440077673;xvdi;0.00;0.00;0.00;0.00;0.00;0.00;0.00;0.00
ip-10-145-11-135.us-west-1.compute.internal;60;1440077733;xvda;0.63;0.00;10.12;15.97;0.00;0.82;0.13;0.01
ip-10-145-11-135.us-west-1.compute.internal;60;1440077733;xvdb;0.00;0.00;0.00;0.00;0.00;0.00;0.00;0.00
ip-10-145-11-135.us-west-1.compute.internal;60;1440077733;xvdc;0.00;0.00;0.00;0.00;0.00;0.00;0.00;0.00
ip-10-145-11-135.us-west-1.compute.internal;60;1440077733;xvdd;0.00;0.00;0.00;0.00;0.00;0.00;0.00;0.00
ip-10-145-11-135.us-west-1.compute.internal;60;1440077733;xvde;0.00;0.00;0.00;0.00;0.00;0.00;0.00;0.00
ip-10-145-11-135.us-west-1.compute.internal;60;1440077733;xvdf;0.00;0.00;0.00;0.00;0.00;0.00;0.00;0.00
ip-10-145-11-135.us-west-1.compute.internal;60;1440077733;xvdg;0.00;0.00;0.00;0.00;0.00;0.00;0.00;0.00
ip-10-145-11-135.us-west-1.compute.internal;60;1440077733;xvdh;0.00;0.00;0.00;0.00;0.00;0.00;0.00;0.00
ip-10-145-11-135.us-west-1.compute.internal;60;1440077733;xvdi;0.00;0.00;0.00;0.00;0.00;0.00;0.00;0.00
ip-10-145-11-135.us-west-1.compute.internal;60;1440077793;xvda;0.95;6.27;9.80;16.91;0.00;0.91;0.28;0.03
ip-10-145-11-135.us-west-1.compute.internal;60;1440077793;xvdb;0.00;0.00;0.00;0.00;0.00;0.00;0.00;0.00
ip-10-145-11-135.us-west-1.compute.internal;60;1440077793;xvdc;0.00;0.00;0.00;0.00;0.00;0.00;0.00;0.00
ip-10-145-11-135.us-west-1.compute.internal;60;1440077793;xvdd;0.00;0.00;0.00;0.00;0.00;0.00;0.00;0.00
ip-10-145-11-135.us-west-1.compute.internal;60;1440077793;xvde;0.00;0.00;0.00;0.00;0.00;0.00;0.00;0.00
ip-10-145-11-135.us-west-1.compute.internal;60;1440077793;xvdf;0.00;0.00;0.00;0.00;0.00;0.00;0.00;0.00
ip-10-145-11-135.us-west-1.compute.internal;60;1440077793;xvdg;0.00;0.00;0.00;0.00;0.00;0.00;0.00;0.00
ip-10-145-11-135.us-west-1.compute.internal;60;1440077793;xvdh;0.00;0.00;0.00;0.00;0.00;0.00;0.00;0.00
ip-10-145-11-135.us-west-1.compute.internal;60;1440077793;xvdi;0.00;0.00;0.00;0.00;0.00;0.00;0.00;0.00
ip-10-145-11-135.us-west-1.compute.internal;60;1440077853;xvda;0.72;0.00;9.85;13.74;0.00;0.81;0.14;0.01
ip-10-145-11-135.us-west-1.compute.internal;60;1440077853;xvdb;0.00;0.00;0.00;0.00;0.00;0.00;0.00;0.00
ip-10-145-11-135.us-west-1.compute.internal;60;1440077853;xvdc;0.00;0.00;0.00;0.00;0.00;0.00;0.00;0.00
ip-10-145-11-135.us-west-1.compute.internal;60;1440077853;xvdd;0.00;0.00;0.00;0.00;0.00;0.00;0.00;0.00
ip-10-145-11-135.us-west-1.compute.internal;60;1440077853;xvde;0.00;0.00;0.00;0.00;0.00;0.00;0.00;0.00
ip-10-145-11-135.us-west-1.compute.internal;60;1440077853;xvdf;0.00;0.00;0.00;0.00;0.00;0.00;0.00;0.00
ip-10-145-11-135.us-west-1.compute.internal;60;1440077853;xvdg;0.00;0.00;0.00;0.00;0.00;0.00;0.00;0.00
ip-10-145-11-135.us-west-1.compute.internal;60;1440077853;xvdh;0.00;0.00;0.00;0.00;0.00;0.00;0.00;0.00
ip-10-145-11-135.us-west-1.compute.internal;60;1440077853;xvdi;0.00;0.00;0.00;0.00;0.00;0.00;0.00;0.00
ip-10-145-11-135.us-west-1.compute.internal;60;1440077913;xvda;0.37;0.00;5.58;15.23;0.00;0.82;0.23;0.01
ip-10-145-11-135.us-west-1.compute.internal;60;1440077913;xvdb;0.00;0.00;0.00;0.00;0.00;0.00;0.00;0.00
ip-10-145-11-135.us-west-1.compute.internal;60;1440077913;xvdc;0.00;0.00;0.00;0.00;0.00;0.00;0.00;0.00
ip-10-145-11-135.us-west-1.compute.internal;60;1440077913;xvdd;0.00;0.00;0.00;0.00;0.00;0.00;0.00;0.00
ip-10-145-11-135.us-west-1.compute.internal;60;1440077913;xvde;0.00;0.00;0.00;0.00;0.00;0.00;0.00;0.00
ip-10-145-11-135.us-west-1.compute.internal;60;1440077913;xvdf;0.00;0.00;0.00;0.00;0.00;0.00;0.00;0.00
ip-10-145-11-135.us-west-1.compute.internal;60;1440077913;xvdg;0.00;0.00;0.00;0.00;0.00;0.00;0.00;0.00
ip-10-145-11-135.us-west-1.compute.internal;60;1440077913;xvdh;0.00;0.00;0.00;0.00;0.00;0.00;0.00;0.00
ip-10-145-11-135.us-west-1.compute.internal;60;1440077913;xvdi;0.00;0.00;0.00;0.00;0.00;0.00;0.00;0.00
ip-10-145-11-135.us-west-1.compute.internal;60;1440077973;xvda;0.52;0.00;7.60;14.71;0.00;0.77;0.45;0.02
ip-10-145-11-135.us-west-1.compute.internal;60;1440077973;xvdb;0.00;0.00;0.00;0.00;0.00;0.00;0.00;0.00
ip-10-145-11-135.us-west-1.compute.internal;60;1440077973;xvdc;0.00;0.00;0.00;0.00;0.00;0.00;0.00;0.00
ip-10-145-11-135.us-west-1.compute.internal;60;1440077973;xvdd;0.00;0.00;0.00;0.00;0.00;0.00;0.00;0.00
ip-10-145-11-135.us-west-1.compute.internal;60;1440077973;xvde;0.00;0.00;0.00;0.00;0.00;0.00;0.00;0.00
ip-10-145-11-135.us-west-1.compute.internal;60;1440077973;xvdf;0.00;0.00;0.00;0.00;0.00;0.00;0.00;0.00
ip-10-145-11-135.us-west-1.compute.internal;60;1440077973;xvdg;0.00;0.00;0.00;0.00;0.00;0.00;0.00;0.00
ip-10-145-11-135.us-west-1.compute.internal;60;1440077973;xvdh;0.00;0.00;0.00;0.00;0.00;0.00;0.00;0.00
ip-10-145-11-135.us-west-1.compute.internal;60;1440077973;xvdi;0.00;0.00;0.00;0.00;0.00;0.00;0.00;0.00
ip-10-145-11-135.us-west-1.compute.internal;60;1440078033;xvda;0.63;0.00;9.67;15.26;0.00;0.89;0.26;0.02
ip-10-145-11-135.us-west-1.compute.internal;60;1440078033;xvdb;0.00;0.00;0.00;0.00;0.00;0.00;0.00;0.00
ip-10-145-11-135.us-west-1.compute.internal;60;1440078033;xvdc;0.00;0.00;0.00;0.00;0.00;0.00;0.00;0.00
ip-10-145-11-135.us-west-1.compute.internal;60;1440078033;xvdd;0.00;0.00;0.00;0.00;0.00;0.00;0.00;0.00
ip-10-145-11-135.us-west-1.compute.internal;60;1440078033;xvde;0.00;0.00;0.00;0.00;0.00;0.00;0.00;0.00
ip-10-145-11-135.us-west-1.compute.internal;60;1440078033;xvdf;0.00;0.00;0.00;0.00;0.00;0.00;0.00;0.00
ip-10-145-11-135.us-west-1.compute.internal;60;1440078033;xvdg;0.00;0.00;0.00;0.00;0.00;0.00;0.00;0.00
ip-10-145-11-135.us-west-1.compute.internal;60;1440078033;xvdh;0.00;0.00;0.00;0.00;0.00;0.00;0.00;0.00
ip-10-145-11-135.us-west-1.compute.internal;60;1440078033;xvdi;0.00;0.00;0.00;0.00;0.00;0.00;0.00;0.00
ip-10-145-11-135.us-west-1.compute.internal;60;1440078093;xvda;0.70;0.00;9.20;13.14;0.00;0.83;0.17;0.01
ip-10-145-11-135.us-west-1.compute.internal;60;1440078093;xvdb;0.00;0.00;0.00;0.00;0.00;0.00;0.00;0.00
ip-10-145-11-135.us-west-1.compute.internal;60;1440078093;xvdc;0.00;0.00;0.00;0.00;0.00;0.00;0.00;0.00
ip-10-145-11-135.us-west-1.compute.internal;60;1440078093;xvdd;0.00;0.00;0.00;0.00;0.00;0.00;0.00;0.00
ip-10-145-11-135.us-west-1.compute.internal;60;1440078093;xvde;0.00;0.00;0.00;0.00;0.00;0.00;0.00;0.00
ip-10-145-11-135.us-west-1.compute.internal;60;1440078093;xvdf;0.00;0.00;0.00;0.00;0.00;0.00;0.00;0.00
ip-10-145-11-135.us-west-1.compute.internal;60;1440078093;xvdg;0.00;0.00;0.00;0.00;0.00;0.00;0.00;0.00
ip-10-145-11-135.us-west-1.compute.internal;60;1440078093;xvdh;0.00;0.00;0.00;0.00;0.00;0.00;0.00;0.00
ip-10-145-11-135.us-west-1.compute.internal;60;1440078093;xvdi;0.00;0.00;0.00;0.00;0.00;0.00;0.00;0.00
ip-10-145-11-135.us-west-1.compute.internal;60;1440078153;xvda;0.42;0.00;5.98;14.36;0.00;0.92;0.24;0.01
ip-10-145-11-135.us-west-1.compute.internal;60;1440078153;xvdb;0.00;0.00;0.00;0.00;0.00;0.00;0.00;0.00
ip-10-145-11-135.us-west-1.compute.internal;60;1440078153;xvdc;0.00;0.00;0.00;0.00;0.00;0.00;0.00;0.00
ip-10-145-11-135.us-west-1.compute.internal;60;1440078153;xvdd;0.00;0.00;0.00;0.00;0.00;0.00;0.00;0.00
ip-10-145-11-135.us-west-1.compute.internal;60;1440078153;xvde;0.00;0.00;0.00;0.00;0.00;0.00;0.00;0.00
ip-10-145-11-135.us-west-1.compute.internal;60;1440078153;xvdf;0.00;0.00;0.00;0.00;0.00;0.00;0.00;0.00
ip-10-145-11-135.us-west-1.compute.internal;60;1440078153;xvdg;0.00;0.00;0.00;0.00;0.00;0.00;0.00;0.00
ip-10-145-11-135.us-west-1.compute.internal;60;1440078153;xvdh;0.00;0.00;0.00;0.00;0.00;0.00;0.00;0.00
ip-10-145-11-135.us-west-1.compute.internal;60;1440078153;xvdi;0.00;0.00;0.00;0.00;0.00;0.00;0.00;0.00
ip-10-145-11-135.us-west-1.compute.internal;60;1440078213;xvda;0.30;0.00;5.45;18.17;0.00;0.89;0.28;0.01
ip-10-145-11-135.us-west-1.compute.internal;60;1440078213;xvdb;0.00;0.00;0.00;0.00;0.00;0.00;0.00;0.00
ip-10-145-11-135.us-west-1.compute.internal;60;1440078213;xvdc;0.00;0.00;0.00;0.00;0.00;0.00;0.00;0.00
ip-10-145-11-135.us-west-1.compute.internal;60;1440078213;xvdd;0.00;0.00;0.00;0.00;0.00;0.00;0.00;0.00
ip-10-145-11-135.us-west-1.compute.internal;60;1440078213;xvde;0.00;0.00;0.00;0.00;0.00;0.00;0.00;0.00
ip-10-145-11-135.us-west-1.compute.internal;60;1440078213;xvdf;0.00;0.00;0.00;0.00;0.00;0.00;0.00;0.00
ip-10-145-11-135.us-west-1.compute.internal;60;1440078213;xvdg;0.00;0.00;0.00;0.00;0.00;0.00;0.00;0.00
ip-10-145-11-135.us-west-1.compute.internal;60;1440078213;xvdh;0.00;0.00;0.00;0.00;0.00;0.00;0.00;0.00
ip-10-145-11-135.us-west-1.compute.internal;60;1440078213;xvdi;0.00;0.00;0.00;0.00;0.00;0.00;0.00;0.00
ip-10-145-11-135.us-west-1.compute.internal;60;1440078273;xvda;0.37;0.00;5.62;15.32;0.00;0.82;0.27;0.01
ip-10-145-11-135.us-west-1.compute.internal;60;1440078273;xvdb;0.00;0.00;0.00;0.00;0.00;0.00;0.00;0.00
ip-10-145-11-135.us-west-1.compute.internal;60;1440078273;xvdc;0.00;0.00;0.00;0.00;0.00;0.00;0.00;0.00
ip-10-145-11-135.us-west-1.compute.internal;60;1440078273;xvdd;0.00;0.00;0.00;0.00;0.00;0.00;0.00;0.00
ip-10-145-11-135.us-west-1.compute.internal;60;1440078273;xvde;0.00;0.00;0.00;0.00;0.00;0.00;0.00;0.00
ip-10-145-11-135.us-west-1.compute.internal;60;1440078273;xvdf;0.00;0.00;0.00;0.00;0.00;0.00;0.00;0.00
ip-10-145-11-135.us-west-1.compute.internal;60;1440078273;xvdg;0.00;0.00;0.00;0.00;0.00;0.00;0.00;0.00
ip-10-145-11-135.us-west-1.compute.internal;60;1440078273;xvdh;0.00;0.00;0.00;0.00;0.00;0.00;0.00;0.00
ip-10-145-11-135.us-west-1.compute.internal;60;1440078273;xvdi;0.00;0.00;0.00;0.00;0.00;0.00;0.00;0.00
ip-10-145-11-135.us-west-1.compute.internal;60;1440078333;xvda;0.37;0.00;5.72;15.59;0.00;1.00;0.32;0.01
ip-10-145-11-135.us-west-1.compute.internal;60;1440078333;xvdb;0.00;0.00;0.00;0.00;0.00;0.00;0.00;0.00
ip-10-145-11-135.us-west-1.compute.internal;60;1440078333;xvdc;0.00;0.00;0.00;0.00;0.00;0.00;0.00;0.00
ip-10-145-11-135.us-west-1.compute.internal;60;1440078333;xvdd;0.00;0.00;0.00;0.00;0.00;0.00;0.00;0.00
ip-10-145-11-135.us-west-1.compute.internal;60;1440078333;xvde;0.00;0.00;0.00;0.00;0.00;0.00;0.00;0.00
ip-10-145-11-135.us-west-1.compute.internal;60;1440078333;xvdf;0.00;0.00;0.00;0.00;0.00;0.00;0.00;0.00
ip-10-145-11-135.us-west-1.compute.internal;60;1440078333;xvdg;0.00;0.00;0.00;0.00;0.00;0.00;0.00;0.00
ip-10-145-11-135.us-west-1.compute.internal;60;1440078333;xvdh;0.00;0.00;0.00;0.00;0.00;0.00;0.00;0.00
ip-10-145-11-135.us-west-1.compute.internal;60;1440078333;xvdi;0.00;0.00;0.00;0.00;0.00;0.00;0.00;0.00
ip-10-145-11-135.us-west-1.compute.internal;60;1440078393;xvda;0.52;0.00;7.37;14.26;0.00;0.97;0.16;0.01
ip-10-145-11-135.us-west-1.compute.internal;60;1440078393;xvdb;0.00;0.00;0.00;0.00;0.00;0.00;0.00;0.00
ip-10-145-11-135.us-west-1.compute.internal;60;1440078393;xvdc;0.00;0.00;0.00;0.00;0.00;0.00;0.00;0.00
ip-10-145-11-135.us-west-1.compute.internal;60;1440078393;xvdd;0.00;0.00;0.00;0.00;0.00;0.00;0.00;0.00
ip-10-145-11-135.us-west-1.compute.internal;60;1440078393;xvde;0.00;0.00;0.00;0.00;0.00;0.00;0.00;0.00
ip-10-145-11-135.us-west-1.compute.internal;60;1440078393;xvdf;0.00;0.00;0.00;0.00;0.00;0.00;0.00;0.00
ip-10-145-11-135.us-west-1.compute.internal;60;1440078393;xvdg;0.00;0.00;0.00;0.00;0.00;0.00;0.00;0.00
ip-10-145-11-135.us-west-1.compute.internal;60;1440078393;xvdh;0.00;0.00;0.00;0.00;0.00;0.00;0.00;0.00
ip-10-145-11-135.us-west-1.compute.internal;60;1440078393;xvdi;0.00;0.00;0.00;0.00;0.00;0.00;0.00;0.00
ip-10-145-11-135.us-west-1.compute.internal;60;1440078453;xvda;0.60;3.33;7.30;17.72;0.00;0.86;0.31;0.02
ip-10-145-11-135.us-west-1.compute.internal;60;1440078453;xvdb;0.00;0.00;0.00;0.00;0.00;0.00;0.00;0.00
ip-10-145-11-135.us-west-1.compute.internal;60;1440078453;xvdc;0.00;0.00;0.00;0.00;0.00;0.00;0.00;0.00
ip-10-145-11-135.us-west-1.compute.internal;60;1440078453;xvdd;0.00;0.00;0.00;0.00;0.00;0.00;0.00;0.00
ip-10-145-11-135.us-west-1.compute.internal;60;1440078453;xvde;0.00;0.00;0.00;0.00;0.00;0.00;0.00;0.00
ip-10-145-11-135.us-west-1.compute.internal;60;1440078453;xvdf;0.00;0.00;0.00;0.00;0.00;0.00;0.00;0.00
ip-10-145-11-135.us-west-1.compute.internal;60;1440078453;xvdg;0.00;0.00;0.00;0.00;0.00;0.00;0.00;0.00
ip-10-145-11-135.us-west-1.compute.internal;60;1440078453;xvdh;0.00;0.00;0.00;0.00;0.00;0.00;0.00;0.00
ip-10-145-11-135.us-west-1.compute.internal;60;1440078453;xvdi;0.00;0.00;0.00;0.00;0.00;0.00;0.00;0.00
ip-10-145-11-135.us-west-1.compute.internal;60;1440078513;xvda;300.05;0.80;76447.40;254.78;13.97;46.57;0.34;10.23
ip-10-145-11-135.us-west-1.compute.internal;60;1440078513;xvdb;0.00;0.00;0.00;0.00;0.00;0.00;0.00;0.00
ip-10-145-11-135.us-west-1.compute.internal;60;1440078513;xvdc;0.00;0.00;0.00;0.00;0.00;0.00;0.00;0.00
ip-10-145-11-135.us-west-1.compute.internal;60;1440078513;xvdd;0.00;0.00;0.00;0.00;0.00;0.00;0.00;0.00
ip-10-145-11-135.us-west-1.compute.internal;60;1440078513;xvde;0.00;0.00;0.00;0.00;0.00;0.00;0.00;0.00
ip-10-145-11-135.us-west-1.compute.internal;60;1440078513;xvdf;0.00;0.00;0.00;0.00;0.00;0.00;0.00;0.00
ip-10-145-11-135.us-west-1.compute.internal;60;1440078513;xvdg;0.00;0.00;0.00;0.00;0.00;0.00;0.00;0.00
ip-10-145-11-135.us-west-1.compute.internal;60;1440078513;xvdh;0.00;0.00;0.00;0.00;0.00;0.00;0.00;0.00
ip-10-145-11-135.us-west-1.compute.internal;60;1440078513;xvdi;0.00;0.00;0.00;0.00;0.00;0.00;0.00;0.00
ip-10-145-11-135.us-west-1.compute.internal;60;1440078573;xvda;159.37;0.00;40527.38;254.30;6.43;40.35;0.30;4.73
ip-10-145-11-135.us-west-1.compute.internal;60;1440078573;xvdb;0.00;0.00;0.00;0.00;0.00;0.00;0.00;0.00
ip-10-145-11-135.us-west-1.compute.internal;60;1440078573;xvdc;0.00;0.00;0.00;0.00;0.00;0.00;0.00;0.00
ip-10-145-11-135.us-west-1.compute.internal;60;1440078573;xvdd;0.00;0.00;0.00;0.00;0.00;0.00;0.00;0.00
ip-10-145-11-135.us-west-1.compute.internal;60;1440078573;xvde;0.00;0.00;0.00;0.00;0.00;0.00;0.00;0.00
ip-10-145-11-135.us-west-1.compute.internal;60;1440078573;xvdf;0.00;0.00;0.00;0.00;0.00;0.00;0.00;0.00
ip-10-145-11-135.us-west-1.compute.internal;60;1440078573;xvdg;0.00;0.00;0.00;0.00;0.00;0.00;0.00;0.00
ip-10-145-11-135.us-west-1.compute.internal;60;1440078573;xvdh;0.00;0.00;0.00;0.00;0.00;0.00;0.00;0.00
ip-10-145-11-135.us-west-1.compute.internal;60;1440078573;xvdi;0.00;0.00;0.00;0.00;0.00;0.00;0.00;0.00
ip-10-145-11-135.us-west-1.compute.internal;60;1440078633;xvda;164.07;6174.13;34975.08;250.81;6.12;37.32;0.46;7.47
ip-10-145-11-135.us-west-1.compute.internal;60;1440078633;xvdb;0.00;0.00;0.00;0.00;0.00;0.00;0.00;0.00
ip-10-145-11-135.us-west-1.compute.internal;60;1440078633;xvdc;0.00;0.00;0.00;0.00;0.00;0.00;0.00;0.00
ip-10-145-11-135.us-west-1.compute.internal;60;1440078633;xvdd;0.00;0.00;0.00;0.00;0.00;0.00;0.00;0.00
ip-10-145-11-135.us-west-1.compute.internal;60;1440078633;xvde;0.00;0.00;0.00;0.00;0.00;0.00;0.00;0.00
ip-10-145-11-135.us-west-1.compute.internal;60;1440078633;xvdf;0.00;0.00;0.00;0.00;0.00;0.00;0.00;0.00
ip-10-145-11-135.us-west-1.compute.internal;60;1440078633;xvdg;0.00;0.00;0.00;0.00;0.00;0.00;0.00;0.00
ip-10-145-11-135.us-west-1.compute.internal;60;1440078633;xvdh;0.00;0.00;0.00;0.00;0.00;0.00;0.00;0.00
ip-10-145-11-135.us-west-1.compute.internal;60;1440078633;xvdi;0.00;0.00;0.00;0.00;0.00;0.00;0.00;0.00
ip-10-145-11-135.us-west-1.compute.internal;60;1440078693;xvda;0.70;0.00;9.88;14.12;0.00;0.95;0.14;0.01
ip-10-145-11-135.us-west-1.compute.internal;60;1440078693;xvdb;0.00;0.00;0.00;0.00;0.00;0.00;0.00;0.00
ip-10-145-11-135.us-west-1.compute.internal;60;1440078693;xvdc;0.00;0.00;0.00;0.00;0.00;0.00;0.00;0.00
ip-10-145-11-135.us-west-1.compute.internal;60;1440078693;xvdd;0.00;0.00;0.00;0.00;0.00;0.00;0.00;0.00
ip-10-145-11-135.us-west-1.compute.internal;60;1440078693;xvde;0.00;0.00;0.00;0.00;0.00;0.00;0.00;0.00
ip-10-145-11-135.us-west-1.compute.internal;60;1440078693;xvdf;0.00;0.00;0.00;0.00;0.00;0.00;0.00;0.00
ip-10-145-11-135.us-west-1.compute.internal;60;1440078693;xvdg;0.00;0.00;0.00;0.00;0.00;0.00;0.00;0.00
ip-10-145-11-135.us-west-1.compute.internal;60;1440078693;xvdh;0.00;0.00;0.00;0.00;0.00;0.00;0.00;0.00
ip-10-145-11-135.us-west-1.compute.internal;60;1440078693;xvdi;0.00;0.00;0.00;0.00;0.00;0.00;0.00;0.00
ip-10-145-11-135.us-west-1.compute.internal;60;1440078753;xvda;0.43;0.00;6.38;14.73;0.00;1.04;0.27;0.01
ip-10-145-11-135.us-west-1.compute.internal;60;1440078753;xvdb;0.00;0.00;0.00;0.00;0.00;0.00;0.00;0.00
ip-10-145-11-135.us-west-1.compute.internal;60;1440078753;xvdc;0.00;0.00;0.00;0.00;0.00;0.00;0.00;0.00
ip-10-145-11-135.us-west-1.compute.internal;60;1440078753;xvdd;0.00;0.00;0.00;0.00;0.00;0.00;0.00;0.00
ip-10-145-11-135.us-west-1.compute.internal;60;1440078753;xvde;0.00;0.00;0.00;0.00;0.00;0.00;0.00;0.00
ip-10-145-11-135.us-west-1.compute.internal;60;1440078753;xvdf;0.00;0.00;0.00;0.00;0.00;0.00;0.00;0.00
ip-10-145-11-135.us-west-1.compute.internal;60;1440078753;xvdg;0.00;0.00;0.00;0.00;0.00;0.00;0.00;0.00
ip-10-145-11-135.us-west-1.compute.internal;60;1440078753;xvdh;0.00;0.00;0.00;0.00;0.00;0.00;0.00;0.00
ip-10-145-11-135.us-west-1.compute.internal;60;1440078753;xvdi;0.00;0.00;0.00;0.00;0.00;0.00;0.00;0.00
ip-10-145-11-135.us-west-1.compute.internal;60;1440078813;xvda;0.67;0.67;9.25;14.88;0.00;0.80;0.28;0.02
ip-10-145-11-135.us-west-1.compute.internal;60;1440078813;xvdb;0.00;0.00;0.00;0.00;0.00;0.00;0.00;0.00
ip-10-145-11-135.us-west-1.compute.internal;60;1440078813;xvdc;0.00;0.00;0.00;0.00;0.00;0.00;0.00;0.00
ip-10-145-11-135.us-west-1.compute.internal;60;1440078813;xvdd;0.00;0.00;0.00;0.00;0.00;0.00;0.00;0.00
ip-10-145-11-135.us-west-1.compute.internal;60;1440078813;xvde;0.00;0.00;0.00;0.00;0.00;0.00;0.00;0.00
ip-10-145-11-135.us-west-1.compute.internal;60;1440078813;xvdf;0.00;0.00;0.00;0.00;0.00;0.00;0.00;0.00
ip-10-145-11-135.us-west-1.compute.internal;60;1440078813;xvdg;0.00;0.00;0.00;0.00;0.00;0.00;0.00;0.00
ip-10-145-11-135.us-west-1.compute.internal;60;1440078813;xvdh;0.00;0.00;0.00;0.00;0.00;0.00;0.00;0.00
ip-10-145-11-135.us-west-1.compute.internal;60;1440078813;xvdi;0.00;0.00;0.00;0.00;0.00;0.00;0.00;0.00
ip-10-145-11-135.us-west-1.compute.internal;60;1440078873;xvda;0.67;0.00;9.25;13.88;0.00;0.82;0.33;0.02
ip-10-145-11-135.us-west-1.compute.internal;60;1440078873;xvdb;0.00;0.00;0.00;0.00;0.00;0.00;0.00;0.00
ip-10-145-11-135.us-west-1.compute.internal;60;1440078873;xvdc;0.00;0.00;0.00;0.00;0.00;0.00;0.00;0.00
ip-10-145-11-135.us-west-1.compute.internal;60;1440078873;xvdd;0.00;0.00;0.00;0.00;0.00;0.00;0.00;0.00
ip-10-145-11-135.us-west-1.compute.internal;60;1440078873;xvde;0.00;0.00;0.00;0.00;0.00;0.00;0.00;0.00
ip-10-145-11-135.us-west-1.compute.internal;60;1440078873;xvdf;0.00;0.00;0.00;0.00;0.00;0.00;0.00;0.00
ip-10-145-11-135.us-west-1.compute.internal;60;1440078873;xvdg;0.00;0.00;0.00;0.00;0.00;0.00;0.00;0.00
ip-10-145-11-135.us-west-1.compute.internal;60;1440078873;xvdh;0.00;0.00;0.00;0.00;0.00;0.00;0.00;0.00
ip-10-145-11-135.us-west-1.compute.internal;60;1440078873;xvdi;0.00;0.00;0.00;0.00;0.00;0.00;0.00;0.00
ip-10-145-11-135.us-west-1.compute.internal;60;1440078933;xvda;39.00;0.00;9787.80;250.97;0.54;13.82;0.11;0.42
ip-10-145-11-135.us-west-1.compute.internal;60;1440078933;xvdb;0.00;0.00;0.00;0.00;0.00;0.00;0.00;0.00
ip-10-145-11-135.us-west-1.compute.internal;60;1440078933;xvdc;0.00;0.00;0.00;0.00;0.00;0.00;0.00;0.00
ip-10-145-11-135.us-west-1.compute.internal;60;1440078933;xvdd;0.00;0.00;0.00;0.00;0.00;0.00;0.00;0.00
ip-10-145-11-135.us-west-1.compute.internal;60;1440078933;xvde;0.00;0.00;0.00;0.00;0.00;0.00;0.00;0.00
ip-10-145-11-135.us-west-1.compute.internal;60;1440078933;xvdf;0.00;0.00;0.00;0.00;0.00;0.00;0.00;0.00
ip-10-145-11-135.us-west-1.compute.internal;60;1440078933;xvdg;0.00;0.00;0.00;0.00;0.00;0.00;0.00;0.00
ip-10-145-11-135.us-west-1.compute.internal;60;1440078933;xvdh;0.00;0.00;0.00;0.00;0.00;0.00;0.00;0.00
ip-10-145-11-135.us-west-1.compute.internal;60;1440078933;xvdi;0.00;0.00;0.00;0.00;0.00;0.00;0.00;0.00
ip-10-145-11-135.us-west-1.compute.internal;60;1440078993;xvda;23.45;0.00;5759.58;245.61;0.30;12.77;0.11;0.26
ip-10-145-11-135.us-west-1.compute.internal;60;1440078993;xvdb;0.00;0.00;0.00;0.00;0.00;0.00;0.00;0.00
ip-10-145-11-135.us-west-1.compute.internal;60;1440078993;xvdc;0.00;0.00;0.00;0.00;0.00;0.00;0.00;0.00
ip-10-145-11-135.us-west-1.compute.internal;60;1440078993;xvdd;0.00;0.00;0.00;0.00;0.00;0.00;0.00;0.00
ip-10-145-11-135.us-west-1.compute.internal;60;1440078993;xvde;0.00;0.00;0.00;0.00;0.00;0.00;0.00;0.00
ip-10-145-11-135.us-west-1.compute.internal;60;1440078993;xvdf;0.00;0.00;0.00;0.00;0.00;0.00;0.00;0.00
ip-10-145-11-135.us-west-1.compute.internal;60;1440078993;xvdg;0.00;0.00;0.00;0.00;0.00;0.00;0.00;0.00
ip-10-145-11-135.us-west-1.compute.internal;60;1440078993;xvdh;0.00;0.00;0.00;0.00;0.00;0.00;0.00;0.00
ip-10-145-11-135.us-west-1.compute.internal;60;1440078993;xvdi;0.00;0.00;0.00;0.00;0.00;0.00;0.00;0.00
ip-10-145-11-135.us-west-1.compute.internal;60;1440079053;xvda;21.52;0.00;5363.03;249.25;0.28;12.95;0.11;0.24
ip-10-145-11-135.us-west-1.compute.internal;60;1440079053;xvdb;0.00;0.00;0.00;0.00;0.00;0.00;0.00;0.00
ip-10-145-11-135.us-west-1.compute.internal;60;1440079053;xvdc;0.00;0.00;0.00;0.00;0.00;0.00;0.00;0.00
ip-10-145-11-135.us-west-1.compute.internal;60;1440079053;xvdd;0.00;0.00;0.00;0.00;0.00;0.00;0.00;0.00
ip-10-145-11-135.us-west-1.compute.internal;60;1440079053;xvde;0.00;0.00;0.00;0.00;0.00;0.00;0.00;0.00
ip-10-145-11-135.us-west-1.compute.internal;60;1440079053;xvdf;0.00;0.00;0.00;0.00;0.00;0.00;0.00;0.00
ip-10-145-11-135.us-west-1.compute.internal;60;1440079053;xvdg;0.00;0.00;0.00;0.00;0.00;0.00;0.00;0.00
ip-10-145-11-135.us-west-1.compute.internal;60;1440079053;xvdh;0.00;0.00;0.00;0.00;0.00;0.00;0.00;0.00
ip-10-145-11-135.us-west-1.compute.internal;60;1440079053;xvdi;0.00;0.00;0.00;0.00;0.00;0.00;0.00;0.00
ip-10-145-11-135.us-west-1.compute.internal;60;1440079113;xvda;11.47;0.67;2668.47;232.77;0.14;12.45;0.12;0.14
ip-10-145-11-135.us-west-1.compute.internal;60;1440079113;xvdb;0.00;0.00;0.00;0.00;0.00;0.00;0.00;0.00
ip-10-145-11-135.us-west-1.compute.internal;60;1440079113;xvdc;0.00;0.00;0.00;0.00;0.00;0.00;0.00;0.00
ip-10-145-11-135.us-west-1.compute.internal;60;1440079113;xvdd;0.00;0.00;0.00;0.00;0.00;0.00;0.00;0.00
ip-10-145-11-135.us-west-1.compute.internal;60;1440079113;xvde;0.00;0.00;0.00;0.00;0.00;0.00;0.00;0.00
ip-10-145-11-135.us-west-1.compute.internal;60;1440079113;xvdf;0.00;0.00;0.00;0.00;0.00;0.00;0.00;0.00
ip-10-145-11-135.us-west-1.compute.internal;60;1440079113;xvdg;0.00;0.00;0.00;0.00;0.00;0.00;0.00;0.00
ip-10-145-11-135.us-west-1.compute.internal;60;1440079113;xvdh;0.00;0.00;0.00;0.00;0.00;0.00;0.00;0.00
ip-10-145-11-135.us-west-1.compute.internal;60;1440079113;xvdi;0.00;0.00;0.00;0.00;0.00;0.00;0.00;0.00
ip-10-145-11-135.us-west-1.compute.internal;60;1440079173;xvda;0.73;0.00;10.68;14.57;0.00;0.89;0.25;0.02
ip-10-145-11-135.us-west-1.compute.internal;60;1440079173;xvdb;0.00;0.00;0.00;0.00;0.00;0.00;0.00;0.00
ip-10-145-11-135.us-west-1.compute.internal;60;1440079173;xvdc;0.00;0.00;0.00;0.00;0.00;0.00;0.00;0.00
ip-10-145-11-135.us-west-1.compute.internal;60;1440079173;xvdd;0.00;0.00;0.00;0.00;0.00;0.00;0.00;0.00
ip-10-145-11-135.us-west-1.compute.internal;60;1440079173;xvde;0.00;0.00;0.00;0.00;0.00;0.00;0.00;0.00
ip-10-145-11-135.us-west-1.compute.internal;60;1440079173;xvdf;0.00;0.00;0.00;0.00;0.00;0.00;0.00;0.00
ip-10-145-11-135.us-west-1.compute.internal;60;1440079173;xvdg;0.00;0.00;0.00;0.00;0.00;0.00;0.00;0.00
ip-10-145-11-135.us-west-1.compute.internal;60;1440079173;xvdh;0.00;0.00;0.00;0.00;0.00;0.00;0.00;0.00
ip-10-145-11-135.us-west-1.compute.internal;60;1440079173;xvdi;0.00;0.00;0.00;0.00;0.00;0.00;0.00;0.00
ip-10-145-11-135.us-west-1.compute.internal;60;1440079233;xvda;18.38;17.73;4232.70;231.21;0.13;7.13;0.15;0.27
ip-10-145-11-135.us-west-1.compute.internal;60;1440079233;xvdb;0.00;0.00;0.00;0.00;0.00;0.00;0.00;0.00
ip-10-145-11-135.us-west-1.compute.internal;60;1440079233;xvdc;0.00;0.00;0.00;0.00;0.00;0.00;0.00;0.00
ip-10-145-11-135.us-west-1.compute.internal;60;1440079233;xvdd;0.00;0.00;0.00;0.00;0.00;0.00;0.00;0.00
ip-10-145-11-135.us-west-1.compute.internal;60;1440079233;xvde;0.00;0.00;0.00;0.00;0.00;0.00;0.00;0.00
ip-10-145-11-135.us-west-1.compute.internal;60;1440079233;xvdf;0.00;0.00;0.00;0.00;0.00;0.00;0.00;0.00
ip-10-145-11-135.us-west-1.compute.internal;60;1440079233;xvdg;0.00;0.00;0.00;0.00;0.00;0.00;0.00;0.00
ip-10-145-11-135.us-west-1.compute.internal;60;1440079233;xvdh;0.00;0.00;0.00;0.00;0.00;0.00;0.00;0.00
ip-10-145-11-135.us-west-1.compute.internal;60;1440079233;xvdi;0.00;0.00;0.00;0.00;0.00;0.00;0.00;0.00
ip-10-145-11-135.us-west-1.compute.internal;60;1440079293;xvda;1.02;0.00;13.37;13.15;0.00;0.87;0.15;0.01
ip-10-145-11-135.us-west-1.compute.internal;60;1440079293;xvdb;0.00;0.00;0.00;0.00;0.00;0.00;0.00;0.00
ip-10-145-11-135.us-west-1.compute.internal;60;1440079293;xvdc;0.00;0.00;0.00;0.00;0.00;0.00;0.00;0.00
ip-10-145-11-135.us-west-1.compute.internal;60;1440079293;xvdd;0.00;0.00;0.00;0.00;0.00;0.00;0.00;0.00
ip-10-145-11-135.us-west-1.compute.internal;60;1440079293;xvde;0.00;0.00;0.00;0.00;0.00;0.00;0.00;0.00
ip-10-145-11-135.us-west-1.compute.internal;60;1440079293;xvdf;0.00;0.00;0.00;0.00;0.00;0.00;0.00;0.00
ip-10-145-11-135.us-west-1.compute.internal;60;1440079293;xvdg;0.00;0.00;0.00;0.00;0.00;0.00;0.00;0.00
ip-10-145-11-135.us-west-1.compute.internal;60;1440079293;xvdh;0.00;0.00;0.00;0.00;0.00;0.00;0.00;0.00
ip-10-145-11-135.us-west-1.compute.internal;60;1440079293;xvdi;0.00;0.00;0.00;0.00;0.00;0.00;0.00;0.00
ip-10-145-11-135.us-west-1.compute.internal;60;1440079353;xvda;0.67;0.00;9.60;14.40;0.00;0.82;0.15;0.01
ip-10-145-11-135.us-west-1.compute.internal;60;1440079353;xvdb;0.00;0.00;0.00;0.00;0.00;0.00;0.00;0.00
ip-10-145-11-135.us-west-1.compute.internal;60;1440079353;xvdc;0.00;0.00;0.00;0.00;0.00;0.00;0.00;0.00
ip-10-145-11-135.us-west-1.compute.internal;60;1440079353;xvdd;0.00;0.00;0.00;0.00;0.00;0.00;0.00;0.00
ip-10-145-11-135.us-west-1.compute.internal;60;1440079353;xvde;0.00;0.00;0.00;0.00;0.00;0.00;0.00;0.00
ip-10-145-11-135.us-west-1.compute.internal;60;1440079353;xvdf;0.00;0.00;0.00;0.00;0.00;0.00;0.00;0.00
ip-10-145-11-135.us-west-1.compute.internal;60;1440079353;xvdg;0.00;0.00;0.00;0.00;0.00;0.00;0.00;0.00
ip-10-145-11-135.us-west-1.compute.internal;60;1440079353;xvdh;0.00;0.00;0.00;0.00;0.00;0.00;0.00;0.00
ip-10-145-11-135.us-west-1.compute.internal;60;1440079353;xvdi;0.00;0.00;0.00;0.00;0.00;0.00;0.00;0.00
ip-10-145-11-135.us-west-1.compute.internal;60;1440079413;xvda;4.18;0.00;955.52;228.41;0.03;6.80;0.15;0.06
ip-10-145-11-135.us-west-1.compute.internal;60;1440079413;xvdb;0.00;0.00;0.00;0.00;0.00;0.00;0.00;0.00
ip-10-145-11-135.us-west-1.compute.internal;60;1440079413;xvdc;0.00;0.00;0.00;0.00;0.00;0.00;0.00;0.00
ip-10-145-11-135.us-west-1.compute.internal;60;1440079413;xvdd;0.00;0.00;0.00;0.00;0.00;0.00;0.00;0.00
ip-10-145-11-135.us-west-1.compute.internal;60;1440079413;xvde;0.00;0.00;0.00;0.00;0.00;0.00;0.00;0.00
ip-10-145-11-135.us-west-1.compute.internal;60;1440079413;xvdf;0.00;0.00;0.00;0.00;0.00;0.00;0.00;0.00
ip-10-145-11-135.us-west-1.compute.internal;60;1440079413;xvdg;0.00;0.00;0.00;0.00;0.00;0.00;0.00;0.00
ip-10-145-11-135.us-west-1.compute.internal;60;1440079413;xvdh;0.00;0.00;0.00;0.00;0.00;0.00;0.00;0.00
ip-10-145-11-135.us-west-1.compute.internal;60;1440079413;xvdi;0.00;0.00;0.00;0.00;0.00;0.00;0.00;0.00
